// SPDX-License-Identifier: MIT
// Copyright (C) 2024, Advanced Micro Devices, Inc. All rights reserved.

#ifndef AIEBU_STX_PREEMPTION_FILES_H
#define AIEBU_STX_PREEMPTION_FILES_H

#include "preprocessor/prebuilt_save_restore.h"

#include <array>
#include <cstdint>

namespace aiebu {
namespace prebuilt {

// NOLINTBEGIN(cppcoreguidelines-avoid-magic-numbers)
inline constexpr std::array<std::uint8_t, 548> stx_save_1 = {{
  0x01, 0x00, 0x04, 0x06, 0x01, 0x01, 0x00, 0x00, 0x1f, 0x00, 0x00, 0x00, 0x24, 0x02, 0x00, 0x00,
  0x00, 0x00, 0x00, 0x00, 0x1c, 0x00, 0x1b, 0x00, 0x00, 0x00, 0x00, 0x80, 0x00, 0x00, 0x00, 0x00,
  0x00, 0x01, 0x1b, 0x00, 0x00, 0x00, 0x00, 0x80, 0x00, 0x00, 0x00, 0x00, 0x10, 0xf0, 0x03, 0x00,
  0x0e, 0x00, 0x00, 0x80, 0x00, 0x00, 0x00, 0x00, 0x38, 0xf1, 0x03, 0x00, 0x00, 0x00, 0x00, 0x80,
  0x03, 0x00, 0x00, 0x00, 0x04, 0xf0, 0x01, 0x00, 0x10, 0x00, 0x00, 0x00, 0x30, 0x00, 0x00, 0x00,
  0x00, 0x00, 0x00, 0x00, 0x08, 0xf0, 0x03, 0x00, 0x00, 0x00, 0x00, 0x80, 0x00, 0x00, 0x00, 0x00,
  0x00, 0xf1, 0x03, 0x00, 0x00, 0x00, 0x00, 0x80, 0x01, 0x00, 0x00, 0x00, 0x00, 0x00, 0x1a, 0x00,
  0x2c, 0x00, 0x00, 0x00, 0x00, 0x00, 0x01, 0x00, 0x00, 0x00, 0x02, 0x00, 0x00, 0x00, 0x00, 0x00,
  0x00, 0x00, 0x00, 0x00, 0x00, 0x00, 0x00, 0x00, 0x00, 0x00, 0x00, 0x00, 0x00, 0x00, 0x00, 0x00,
  0x00, 0x00, 0x00, 0x80, 0x01, 0x00, 0x00, 0x00, 0x00, 0xd0, 0x01, 0x00, 0x2c, 0x00, 0x00, 0x00,
  0x00, 0x00, 0x01, 0x00, 0x00, 0x00, 0x00, 0x00, 0x00, 0x00, 0x00, 0x00, 0x00, 0x00, 0x00, 0x00,
  0x00, 0x00, 0x00, 0xc0, 0x00, 0x00, 0x00, 0x00, 0x00, 0x00, 0x00, 0x00, 0x00, 0x00, 0x00, 0x02,
  0x81, 0x00, 0x00, 0x00, 0x18, 0x00, 0x00, 0x00, 0x04, 0xd0, 0x01, 0x00, 0x00, 0x00, 0x00, 0x00,
  0x00, 0x00, 0x00, 0x00, 0x00, 0x00, 0x00, 0x00, 0x00, 0x00, 0x00, 0x00, 0x34, 0x06, 0x1a, 0x00,
  0x00, 0x00, 0x00, 0x80, 0x00, 0x00, 0x00, 0x00, 0x00, 0xd2, 0x01, 0x00, 0x00, 0x09, 0x00, 0x00,
  0x00, 0x00, 0x00, 0x00, 0x04, 0xd2, 0x01, 0x00, 0x00, 0x00, 0x00, 0x80, 0x00, 0x00, 0x00, 0x00,
  0x30, 0x06, 0x1a, 0x00, 0x01, 0x00, 0x00, 0x00, 0x00, 0x00, 0x00, 0x00, 0x00, 0xd2, 0x01, 0x00,
  0x01, 0x00, 0x00, 0x00, 0x00, 0x00, 0x00, 0x00, 0x20, 0x00, 0x1b, 0x00, 0x01, 0x00, 0x00, 0x80,
  0x00, 0x00, 0x00, 0x00, 0x04, 0x01, 0x1b, 0x00, 0x00, 0x00, 0x00, 0x80, 0x00, 0x00, 0x00, 0x00,
  0x14, 0xf0, 0x03, 0x00, 0x0f, 0x00, 0x00, 0x80, 0x00, 0x00, 0x00, 0x00, 0x3c, 0xf1, 0x03, 0x00,
  0x00, 0x00, 0x00, 0x80, 0x03, 0x00, 0x00, 0x00, 0x04, 0xf0, 0x01, 0x00, 0x40, 0x00, 0x00, 0x00,
  0xc0, 0x00, 0x00, 0x00, 0x00, 0x00, 0x00, 0x00, 0x08, 0xf0, 0x03, 0x00, 0x00, 0x00, 0x00, 0x80,
  0x00, 0x00, 0x00, 0x00, 0x00, 0xf1, 0x03, 0x00, 0x00, 0x00, 0x00, 0x80, 0x01, 0x00, 0x00, 0x00,
  0x00, 0x03, 0x1a, 0x00, 0x2c, 0x00, 0x00, 0x00, 0x00, 0x00, 0x01, 0x00, 0x00, 0x00, 0x03, 0x00,
  0x00, 0x00, 0x00, 0x00, 0x00, 0x00, 0x00, 0x00, 0x00, 0x00, 0x00, 0x00, 0x00, 0x00, 0x00, 0x00,
  0x00, 0x00, 0x00, 0x00, 0x00, 0x00, 0x00, 0x80, 0x01, 0x00, 0x00, 0x00, 0x20, 0xd0, 0x01, 0x00,
  0x2c, 0x00, 0x00, 0x00, 0x00, 0x00, 0x01, 0x00, 0x00, 0x00, 0x04, 0x00, 0x00, 0x00, 0x00, 0x00,
  0x00, 0x00, 0x00, 0x00, 0x00, 0x00, 0x00, 0xc0, 0x00, 0x00, 0x00, 0x00, 0x00, 0x00, 0x00, 0x00,
  0x00, 0x00, 0x00, 0x02, 0x81, 0x00, 0x00, 0x00, 0x18, 0x00, 0x00, 0x00, 0x24, 0xd0, 0x01, 0x00,
  0x00, 0x00, 0x00, 0x00, 0x00, 0x00, 0x04, 0x00, 0x00, 0x00, 0x00, 0x00, 0x00, 0x00, 0x00, 0x00,
  0x3c, 0x06, 0x1a, 0x00, 0x18, 0x00, 0x00, 0x80, 0x00, 0x00, 0x00, 0x00, 0x08, 0xd2, 0x01, 0x00,
  0x00, 0x09, 0x00, 0x00, 0x00, 0x00, 0x00, 0x00, 0x0c, 0xd2, 0x01, 0x00, 0x01, 0x00, 0x00, 0x80,
  0x00, 0x00, 0x00, 0x00, 0x38, 0x06, 0x1a, 0x00, 0x01, 0x00, 0x00, 0x00, 0x00, 0x00, 0x00, 0x00,
  0x08, 0xd2, 0x01, 0x00, 0x01, 0x00, 0x00, 0x00, 0x84, 0x00, 0x00, 0x00, 0x0c, 0x00, 0x00, 0x00,
  0x02, 0x01, 0x00, 0x00
}};

inline constexpr std::array<std::uint8_t, 596> stx_restore_1 = {{
  0x01, 0x00, 0x04, 0x06, 0x01, 0x01, 0x00, 0x00, 0x23, 0x00, 0x00, 0x00, 0x54, 0x02, 0x00, 0x00,
  0x00, 0x00, 0x00, 0x00, 0x00, 0x00, 0x1b, 0x00, 0x07, 0x00, 0x00, 0x80, 0x00, 0x00, 0x00, 0x00,
  0x1c, 0x01, 0x1b, 0x00, 0x00, 0x00, 0x00, 0x80, 0x00, 0x00, 0x00, 0x00, 0x30, 0xf0, 0x03, 0x00,
  0x05, 0x00, 0x00, 0x80, 0x00, 0x00, 0x00, 0x00, 0x14, 0xf1, 0x03, 0x00, 0x00, 0x00, 0x00, 0x80,
  0x03, 0x00, 0x00, 0x00, 0x00, 0xf0, 0x01, 0x00, 0x00, 0x04, 0x00, 0x00, 0x00, 0x0c, 0x00, 0x00,
  0x00, 0x00, 0x00, 0x00, 0x24, 0x00, 0x1b, 0x00, 0x06, 0x00, 0x00, 0x80, 0x00, 0x00, 0x00, 0x00,
  0x18, 0x01, 0x1b, 0x00, 0x00, 0x00, 0x00, 0x80, 0x00, 0x00, 0x00, 0x00, 0x08, 0xf0, 0x03, 0x00,
  0x10, 0x00, 0x00, 0x80, 0x00, 0x00, 0x00, 0x00, 0x40, 0xf1, 0x03, 0x00, 0x00, 0x00, 0x00, 0x80,
  0x01, 0x00, 0x00, 0x00, 0x00, 0xd0, 0x01, 0x00, 0x2c, 0x00, 0x00, 0x00, 0x00, 0x00, 0x01, 0x00,
  0x00, 0x00, 0x00, 0x00, 0x00, 0x00, 0x00, 0x00, 0x00, 0x00, 0x00, 0x00, 0x00, 0x00, 0x00, 0xc0,
  0x00, 0x00, 0x00, 0x00, 0x00, 0x00, 0x00, 0x00, 0x00, 0x00, 0x00, 0x02, 0x01, 0x00, 0x00, 0x00,
  0x00, 0x00, 0x1a, 0x00, 0x2c, 0x00, 0x00, 0x00, 0x00, 0x00, 0x01, 0x00, 0x00, 0x00, 0x02, 0x00,
  0x00, 0x00, 0x00, 0x00, 0x00, 0x00, 0x00, 0x00, 0x00, 0x00, 0x00, 0x00, 0x00, 0x00, 0x00, 0x00,
  0x00, 0x00, 0x00, 0x00, 0x00, 0x00, 0x00, 0x80, 0x81, 0x00, 0x00, 0x00, 0x18, 0x00, 0x00, 0x00,
  0x04, 0xd0, 0x01, 0x00, 0x01, 0x00, 0x00, 0x00, 0x00, 0x00, 0x00, 0x00, 0x00, 0x00, 0x00, 0x00,
  0x00, 0x00, 0x00, 0x00, 0x14, 0xd2, 0x01, 0x00, 0x00, 0x00, 0x00, 0x00, 0x00, 0x00, 0x00, 0x00,
  0x00, 0x06, 0x1a, 0x00, 0x00, 0x09, 0x00, 0x00, 0x00, 0x00, 0x00, 0x00, 0x04, 0x06, 0x1a, 0x00,
  0x00, 0x00, 0x00, 0x80, 0x00, 0x00, 0x00, 0x00, 0x10, 0xd2, 0x01, 0x00, 0x01, 0x00, 0x00, 0x00,
  0x00, 0x00, 0x00, 0x00, 0x00, 0x06, 0x1a, 0x00, 0x01, 0x00, 0x00, 0x00, 0x00, 0x00, 0x00, 0x00,
  0x04, 0x00, 0x1b, 0x00, 0x08, 0x00, 0x00, 0x80, 0x00, 0x00, 0x00, 0x00, 0x20, 0x01, 0x1b, 0x00,
  0x00, 0x00, 0x00, 0x80, 0x00, 0x00, 0x00, 0x00, 0x34, 0xf0, 0x03, 0x00, 0x09, 0x00, 0x00, 0x80,
  0x00, 0x00, 0x00, 0x00, 0x24, 0xf1, 0x03, 0x00, 0x00, 0x00, 0x00, 0x80, 0x03, 0x00, 0x00, 0x00,
  0x00, 0xf0, 0x01, 0x00, 0x00, 0x40, 0x00, 0x00, 0x00, 0xc0, 0x00, 0x00, 0x00, 0x00, 0x00, 0x00,
  0x24, 0x00, 0x1b, 0x00, 0x06, 0x00, 0x00, 0x80, 0x00, 0x00, 0x00, 0x00, 0x18, 0x01, 0x1b, 0x00,
  0x00, 0x00, 0x00, 0x80, 0x00, 0x00, 0x00, 0x00, 0x08, 0xf0, 0x03, 0x00, 0x10, 0x00, 0x00, 0x80,
  0x00, 0x00, 0x00, 0x00, 0x40, 0xf1, 0x03, 0x00, 0x00, 0x00, 0x00, 0x80, 0x01, 0x00, 0x00, 0x00,
  0x20, 0xd0, 0x01, 0x00, 0x2c, 0x00, 0x00, 0x00, 0x00, 0x00, 0x01, 0x00, 0x00, 0x00, 0x04, 0x00,
  0x00, 0x00, 0x00, 0x00, 0x00, 0x00, 0x00, 0x00, 0x00, 0x00, 0x00, 0xc0, 0x00, 0x00, 0x00, 0x00,
  0x00, 0x00, 0x00, 0x00, 0x00, 0x00, 0x00, 0x02, 0x01, 0x00, 0x00, 0x00, 0x00, 0x03, 0x1a, 0x00,
  0x2c, 0x00, 0x00, 0x00, 0x00, 0x00, 0x01, 0x00, 0x00, 0x00, 0x03, 0x00, 0x00, 0x00, 0x00, 0x00,
  0x00, 0x00, 0x00, 0x00, 0x00, 0x00, 0x00, 0x00, 0x00, 0x00, 0x00, 0x00, 0x00, 0x00, 0x00, 0x00,
  0x00, 0x00, 0x00, 0x80, 0x81, 0x00, 0x00, 0x00, 0x18, 0x00, 0x00, 0x00, 0x24, 0xd0, 0x01, 0x00,
  0x01, 0x00, 0x00, 0x00, 0x00, 0x00, 0x04, 0x00, 0x00, 0x00, 0x00, 0x00, 0x00, 0x00, 0x00, 0x00,
  0x1c, 0xd2, 0x01, 0x00, 0x01, 0x00, 0x00, 0x00, 0x00, 0x00, 0x00, 0x00, 0x08, 0x06, 0x1a, 0x00,
  0x00, 0x09, 0x00, 0x00, 0x00, 0x00, 0x00, 0x00, 0x0c, 0x06, 0x1a, 0x00, 0x18, 0x00, 0x00, 0x80,
  0x00, 0x00, 0x00, 0x00, 0x18, 0xd2, 0x01, 0x00, 0x01, 0x00, 0x00, 0x00, 0x00, 0x00, 0x00, 0x00,
  0x08, 0x06, 0x1a, 0x00, 0x01, 0x00, 0x00, 0x00, 0x84, 0x00, 0x00, 0x00, 0x0c, 0x00, 0x00, 0x00,
  0x02, 0x01, 0x00, 0x00
}};

inline constexpr prebuilt_save_restore stx_save_restore_1 = {
  {stx_save_1.data(), stx_save_1.size()},
  {stx_restore_1.data(), stx_restore_1.size()}
};

inline constexpr std::array<std::uint8_t, 1068> stx_save_2 = {{
  0x01, 0x00, 0x04, 0x06, 0x02, 0x01, 0x00, 0x00, 0x3d, 0x00, 0x00, 0x00, 0x2c, 0x04, 0x00, 0x00,
  0x00, 0x00, 0x00, 0x00, 0x1c, 0x00, 0x1b, 0x00, 0x00, 0x00, 0x00, 0x80, 0x00, 0x00, 0x00, 0x00,
  0x00, 0x01, 0x1b, 0x00, 0x00, 0x00, 0x00, 0x80, 0x00, 0x00, 0x00, 0x00, 0x10, 0xf0, 0x03, 0x00,
  0x0e, 0x00, 0x00, 0x80, 0x00, 0x00, 0x00, 0x00, 0x38, 0xf1, 0x03, 0x00, 0x00, 0x00, 0x00, 0x80,
  0x03, 0x00, 0x00, 0x00, 0x04, 0xf0, 0x01, 0x00, 0x10, 0x00, 0x00, 0x00, 0x30, 0x00, 0x00, 0x00,
  0x00, 0x00, 0x00, 0x00, 0x08, 0xf0, 0x03, 0x00, 0x00, 0x00, 0x00, 0x80, 0x00, 0x00, 0x00, 0x00,
  0x00, 0xf1, 0x03, 0x00, 0x00, 0x00, 0x00, 0x80, 0x01, 0x00, 0x00, 0x00, 0x00, 0x00, 0x1a, 0x00,
  0x2c, 0x00, 0x00, 0x00, 0x00, 0x00, 0x01, 0x00, 0x00, 0x00, 0x02, 0x00, 0x00, 0x00, 0x00, 0x00,
  0x00, 0x00, 0x00, 0x00, 0x00, 0x00, 0x00, 0x00, 0x00, 0x00, 0x00, 0x00, 0x00, 0x00, 0x00, 0x00,
  0x00, 0x00, 0x00, 0x80, 0x01, 0x00, 0x00, 0x00, 0x00, 0xd0, 0x01, 0x00, 0x2c, 0x00, 0x00, 0x00,
  0x00, 0x00, 0x01, 0x00, 0x00, 0x00, 0x00, 0x00, 0x00, 0x00, 0x00, 0x00, 0x00, 0x00, 0x00, 0x00,
  0x00, 0x00, 0x00, 0xc0, 0x00, 0x00, 0x00, 0x00, 0x00, 0x00, 0x00, 0x00, 0x00, 0x00, 0x00, 0x02,
  0x81, 0x00, 0x00, 0x00, 0x18, 0x00, 0x00, 0x00, 0x04, 0xd0, 0x01, 0x00, 0x00, 0x00, 0x00, 0x00,
  0x00, 0x00, 0x00, 0x00, 0x00, 0x00, 0x00, 0x00, 0x00, 0x00, 0x00, 0x00, 0x34, 0x06, 0x1a, 0x00,
  0x00, 0x00, 0x00, 0x80, 0x00, 0x00, 0x00, 0x00, 0x00, 0xd2, 0x01, 0x00, 0x00, 0x09, 0x00, 0x00,
  0x00, 0x00, 0x00, 0x00, 0x04, 0xd2, 0x01, 0x00, 0x00, 0x00, 0x00, 0x80, 0x00, 0x00, 0x00, 0x00,
  0x30, 0x06, 0x1a, 0x00, 0x01, 0x00, 0x00, 0x00, 0x00, 0x00, 0x00, 0x00, 0x00, 0xd2, 0x01, 0x00,
  0x01, 0x00, 0x00, 0x00, 0x00, 0x00, 0x00, 0x00, 0x20, 0x00, 0x1b, 0x00, 0x01, 0x00, 0x00, 0x80,
  0x00, 0x00, 0x00, 0x00, 0x04, 0x01, 0x1b, 0x00, 0x00, 0x00, 0x00, 0x80, 0x00, 0x00, 0x00, 0x00,
  0x14, 0xf0, 0x03, 0x00, 0x0f, 0x00, 0x00, 0x80, 0x00, 0x00, 0x00, 0x00, 0x3c, 0xf1, 0x03, 0x00,
  0x00, 0x00, 0x00, 0x80, 0x03, 0x00, 0x00, 0x00, 0x04, 0xf0, 0x01, 0x00, 0x40, 0x00, 0x00, 0x00,
  0xc0, 0x00, 0x00, 0x00, 0x00, 0x00, 0x00, 0x00, 0x08, 0xf0, 0x03, 0x00, 0x00, 0x00, 0x00, 0x80,
  0x00, 0x00, 0x00, 0x00, 0x00, 0xf1, 0x03, 0x00, 0x00, 0x00, 0x00, 0x80, 0x01, 0x00, 0x00, 0x00,
  0x00, 0x03, 0x1a, 0x00, 0x2c, 0x00, 0x00, 0x00, 0x00, 0x00, 0x01, 0x00, 0x00, 0x00, 0x03, 0x00,
  0x00, 0x00, 0x00, 0x00, 0x00, 0x00, 0x00, 0x00, 0x00, 0x00, 0x00, 0x00, 0x00, 0x00, 0x00, 0x00,
  0x00, 0x00, 0x00, 0x00, 0x00, 0x00, 0x00, 0x80, 0x01, 0x00, 0x00, 0x00, 0x20, 0xd0, 0x01, 0x00,
  0x2c, 0x00, 0x00, 0x00, 0x00, 0x00, 0x01, 0x00, 0x00, 0x00, 0x04, 0x00, 0x00, 0x00, 0x00, 0x00,
  0x00, 0x00, 0x00, 0x00, 0x00, 0x00, 0x00, 0xc0, 0x00, 0x00, 0x00, 0x00, 0x00, 0x00, 0x00, 0x00,
  0x00, 0x00, 0x00, 0x02, 0x81, 0x00, 0x00, 0x00, 0x18, 0x00, 0x00, 0x00, 0x24, 0xd0, 0x01, 0x00,
  0x00, 0x00, 0x00, 0x00, 0x00, 0x00, 0x04, 0x00, 0x00, 0x00, 0x00, 0x00, 0x00, 0x00, 0x00, 0x00,
  0x3c, 0x06, 0x1a, 0x00, 0x18, 0x00, 0x00, 0x80, 0x00, 0x00, 0x00, 0x00, 0x08, 0xd2, 0x01, 0x00,
  0x00, 0x09, 0x00, 0x00, 0x00, 0x00, 0x00, 0x00, 0x0c, 0xd2, 0x01, 0x00, 0x01, 0x00, 0x00, 0x80,
  0x00, 0x00, 0x00, 0x00, 0x38, 0x06, 0x1a, 0x00, 0x01, 0x00, 0x00, 0x00, 0x00, 0x00, 0x00, 0x00,
  0x08, 0xd2, 0x01, 0x00, 0x01, 0x00, 0x00, 0x00, 0x00, 0x00, 0x00, 0x00, 0x1c, 0x00, 0x1b, 0x02,
  0x00, 0x00, 0x00, 0x80, 0x00, 0x00, 0x00, 0x00, 0x00, 0x01, 0x1b, 0x02, 0x00, 0x00, 0x00, 0x80,
  0x00, 0x00, 0x00, 0x00, 0x10, 0xf0, 0x03, 0x02, 0x0e, 0x00, 0x00, 0x80, 0x00, 0x00, 0x00, 0x00,
  0x38, 0xf1, 0x03, 0x02, 0x00, 0x00, 0x00, 0x80, 0x03, 0x00, 0x00, 0x00, 0x04, 0xf0, 0x01, 0x02,
  0x10, 0x00, 0x00, 0x00, 0x30, 0x00, 0x00, 0x00, 0x00, 0x00, 0x00, 0x00, 0x08, 0xf0, 0x03, 0x02,
  0x00, 0x00, 0x00, 0x80, 0x00, 0x00, 0x00, 0x00, 0x00, 0xf1, 0x03, 0x02, 0x00, 0x00, 0x00, 0x80,
  0x01, 0x00, 0x00, 0x00, 0x00, 0x00, 0x1a, 0x02, 0x2c, 0x00, 0x00, 0x00, 0x00, 0x00, 0x01, 0x00,
  0x00, 0x00, 0x02, 0x00, 0x00, 0x00, 0x00, 0x00, 0x00, 0x00, 0x00, 0x00, 0x00, 0x00, 0x00, 0x00,
  0x00, 0x00, 0x00, 0x00, 0x00, 0x00, 0x00, 0x00, 0x00, 0x00, 0x00, 0x80, 0x01, 0x00, 0x00, 0x00,
  0x00, 0xd0, 0x01, 0x02, 0x2c, 0x00, 0x00, 0x00, 0x00, 0x00, 0x01, 0x00, 0x00, 0x00, 0x08, 0x00,
  0x00, 0x00, 0x00, 0x00, 0x00, 0x00, 0x00, 0x00, 0x00, 0x00, 0x00, 0xc0, 0x00, 0x00, 0x00, 0x00,
  0x00, 0x00, 0x00, 0x00, 0x00, 0x00, 0x00, 0x02, 0x81, 0x00, 0x00, 0x00, 0x18, 0x00, 0x00, 0x00,
  0x04, 0xd0, 0x01, 0x02, 0x00, 0x00, 0x00, 0x00, 0x00, 0x00, 0x08, 0x00, 0x00, 0x00, 0x00, 0x00,
  0x00, 0x00, 0x00, 0x00, 0x34, 0x06, 0x1a, 0x02, 0x00, 0x00, 0x00, 0x80, 0x00, 0x00, 0x00, 0x00,
  0x00, 0xd2, 0x01, 0x02, 0x00, 0x09, 0x00, 0x00, 0x00, 0x00, 0x00, 0x00, 0x04, 0xd2, 0x01, 0x02,
  0x00, 0x00, 0x00, 0x80, 0x00, 0x00, 0x00, 0x00, 0x30, 0x06, 0x1a, 0x02, 0x01, 0x00, 0x00, 0x00,
  0x00, 0x00, 0x00, 0x00, 0x00, 0xd2, 0x01, 0x02, 0x01, 0x00, 0x00, 0x00, 0x00, 0x00, 0x00, 0x00,
  0x20, 0x00, 0x1b, 0x02, 0x01, 0x00, 0x00, 0x80, 0x00, 0x00, 0x00, 0x00, 0x04, 0x01, 0x1b, 0x02,
  0x00, 0x00, 0x00, 0x80, 0x00, 0x00, 0x00, 0x00, 0x14, 0xf0, 0x03, 0x02, 0x0f, 0x00, 0x00, 0x80,
  0x00, 0x00, 0x00, 0x00, 0x3c, 0xf1, 0x03, 0x02, 0x00, 0x00, 0x00, 0x80, 0x03, 0x00, 0x00, 0x00,
  0x04, 0xf0, 0x01, 0x02, 0x40, 0x00, 0x00, 0x00, 0xc0, 0x00, 0x00, 0x00, 0x00, 0x00, 0x00, 0x00,
  0x08, 0xf0, 0x03, 0x02, 0x00, 0x00, 0x00, 0x80, 0x00, 0x00, 0x00, 0x00, 0x00, 0xf1, 0x03, 0x02,
  0x00, 0x00, 0x00, 0x80, 0x01, 0x00, 0x00, 0x00, 0x00, 0x03, 0x1a, 0x02, 0x2c, 0x00, 0x00, 0x00,
  0x00, 0x00, 0x01, 0x00, 0x00, 0x00, 0x03, 0x00, 0x00, 0x00, 0x00, 0x00, 0x00, 0x00, 0x00, 0x00,
  0x00, 0x00, 0x00, 0x00, 0x00, 0x00, 0x00, 0x00, 0x00, 0x00, 0x00, 0x00, 0x00, 0x00, 0x00, 0x80,
  0x01, 0x00, 0x00, 0x00, 0x20, 0xd0, 0x01, 0x02, 0x2c, 0x00, 0x00, 0x00, 0x00, 0x00, 0x01, 0x00,
  0x00, 0x00, 0x0c, 0x00, 0x00, 0x00, 0x00, 0x00, 0x00, 0x00, 0x00, 0x00, 0x00, 0x00, 0x00, 0xc0,
  0x00, 0x00, 0x00, 0x00, 0x00, 0x00, 0x00, 0x00, 0x00, 0x00, 0x00, 0x02, 0x81, 0x00, 0x00, 0x00,
  0x18, 0x00, 0x00, 0x00, 0x24, 0xd0, 0x01, 0x02, 0x00, 0x00, 0x00, 0x00, 0x00, 0x00, 0x0c, 0x00,
  0x00, 0x00, 0x00, 0x00, 0x00, 0x00, 0x00, 0x00, 0x3c, 0x06, 0x1a, 0x02, 0x18, 0x00, 0x00, 0x80,
  0x00, 0x00, 0x00, 0x00, 0x08, 0xd2, 0x01, 0x02, 0x00, 0x09, 0x00, 0x00, 0x00, 0x00, 0x00, 0x00,
  0x0c, 0xd2, 0x01, 0x02, 0x01, 0x00, 0x00, 0x80, 0x00, 0x00, 0x00, 0x00, 0x38, 0x06, 0x1a, 0x02,
  0x01, 0x00, 0x00, 0x00, 0x00, 0x00, 0x00, 0x00, 0x08, 0xd2, 0x01, 0x02, 0x01, 0x00, 0x00, 0x00,
  0x84, 0x00, 0x00, 0x00, 0x0c, 0x00, 0x00, 0x00, 0x04, 0x02, 0x00, 0x00
}};

inline constexpr std::array<std::uint8_t, 1164> stx_restore_2 = {{
  0x01, 0x00, 0x04, 0x06, 0x02, 0x01, 0x00, 0x00, 0x45, 0x00, 0x00, 0x00, 0x8c, 0x04, 0x00, 0x00,
  0x00, 0x00, 0x00, 0x00, 0x00, 0x00, 0x1b, 0x00, 0x07, 0x00, 0x00, 0x80, 0x00, 0x00, 0x00, 0x00,
  0x1c, 0x01, 0x1b, 0x00, 0x00, 0x00, 0x00, 0x80, 0x00, 0x00, 0x00, 0x00, 0x30, 0xf0, 0x03, 0x00,
  0x05, 0x00, 0x00, 0x80, 0x00, 0x00, 0x00, 0x00, 0x14, 0xf1, 0x03, 0x00, 0x00, 0x00, 0x00, 0x80,
  0x03, 0x00, 0x00, 0x00, 0x00, 0xf0, 0x01, 0x00, 0x00, 0x04, 0x00, 0x00, 0x00, 0x0c, 0x00, 0x00,
  0x00, 0x00, 0x00, 0x00, 0x24, 0x00, 0x1b, 0x00, 0x06, 0x00, 0x00, 0x80, 0x00, 0x00, 0x00, 0x00,
  0x18, 0x01, 0x1b, 0x00, 0x00, 0x00, 0x00, 0x80, 0x00, 0x00, 0x00, 0x00, 0x08, 0xf0, 0x03, 0x00,
  0x10, 0x00, 0x00, 0x80, 0x00, 0x00, 0x00, 0x00, 0x40, 0xf1, 0x03, 0x00, 0x00, 0x00, 0x00, 0x80,
  0x01, 0x00, 0x00, 0x00, 0x00, 0xd0, 0x01, 0x00, 0x2c, 0x00, 0x00, 0x00, 0x00, 0x00, 0x01, 0x00,
  0x00, 0x00, 0x00, 0x00, 0x00, 0x00, 0x00, 0x00, 0x00, 0x00, 0x00, 0x00, 0x00, 0x00, 0x00, 0xc0,
  0x00, 0x00, 0x00, 0x00, 0x00, 0x00, 0x00, 0x00, 0x00, 0x00, 0x00, 0x02, 0x01, 0x00, 0x00, 0x00,
  0x00, 0x00, 0x1a, 0x00, 0x2c, 0x00, 0x00, 0x00, 0x00, 0x00, 0x01, 0x00, 0x00, 0x00, 0x02, 0x00,
  0x00, 0x00, 0x00, 0x00, 0x00, 0x00, 0x00, 0x00, 0x00, 0x00, 0x00, 0x00, 0x00, 0x00, 0x00, 0x00,
  0x00, 0x00, 0x00, 0x00, 0x00, 0x00, 0x00, 0x80, 0x81, 0x00, 0x00, 0x00, 0x18, 0x00, 0x00, 0x00,
  0x04, 0xd0, 0x01, 0x00, 0x01, 0x00, 0x00, 0x00, 0x00, 0x00, 0x00, 0x00, 0x00, 0x00, 0x00, 0x00,
  0x00, 0x00, 0x00, 0x00, 0x14, 0xd2, 0x01, 0x00, 0x00, 0x00, 0x00, 0x00, 0x00, 0x00, 0x00, 0x00,
  0x00, 0x06, 0x1a, 0x00, 0x00, 0x09, 0x00, 0x00, 0x00, 0x00, 0x00, 0x00, 0x04, 0x06, 0x1a, 0x00,
  0x00, 0x00, 0x00, 0x80, 0x00, 0x00, 0x00, 0x00, 0x10, 0xd2, 0x01, 0x00, 0x01, 0x00, 0x00, 0x00,
  0x00, 0x00, 0x00, 0x00, 0x00, 0x06, 0x1a, 0x00, 0x01, 0x00, 0x00, 0x00, 0x00, 0x00, 0x00, 0x00,
  0x04, 0x00, 0x1b, 0x00, 0x08, 0x00, 0x00, 0x80, 0x00, 0x00, 0x00, 0x00, 0x20, 0x01, 0x1b, 0x00,
  0x00, 0x00, 0x00, 0x80, 0x00, 0x00, 0x00, 0x00, 0x34, 0xf0, 0x03, 0x00, 0x09, 0x00, 0x00, 0x80,
  0x00, 0x00, 0x00, 0x00, 0x24, 0xf1, 0x03, 0x00, 0x00, 0x00, 0x00, 0x80, 0x03, 0x00, 0x00, 0x00,
  0x00, 0xf0, 0x01, 0x00, 0x00, 0x40, 0x00, 0x00, 0x00, 0xc0, 0x00, 0x00, 0x00, 0x00, 0x00, 0x00,
  0x24, 0x00, 0x1b, 0x00, 0x06, 0x00, 0x00, 0x80, 0x00, 0x00, 0x00, 0x00, 0x18, 0x01, 0x1b, 0x00,
  0x00, 0x00, 0x00, 0x80, 0x00, 0x00, 0x00, 0x00, 0x08, 0xf0, 0x03, 0x00, 0x10, 0x00, 0x00, 0x80,
  0x00, 0x00, 0x00, 0x00, 0x40, 0xf1, 0x03, 0x00, 0x00, 0x00, 0x00, 0x80, 0x01, 0x00, 0x00, 0x00,
  0x20, 0xd0, 0x01, 0x00, 0x2c, 0x00, 0x00, 0x00, 0x00, 0x00, 0x01, 0x00, 0x00, 0x00, 0x04, 0x00,
  0x00, 0x00, 0x00, 0x00, 0x00, 0x00, 0x00, 0x00, 0x00, 0x00, 0x00, 0xc0, 0x00, 0x00, 0x00, 0x00,
  0x00, 0x00, 0x00, 0x00, 0x00, 0x00, 0x00, 0x02, 0x01, 0x00, 0x00, 0x00, 0x00, 0x03, 0x1a, 0x00,
  0x2c, 0x00, 0x00, 0x00, 0x00, 0x00, 0x01, 0x00, 0x00, 0x00, 0x03, 0x00, 0x00, 0x00, 0x00, 0x00,
  0x00, 0x00, 0x00, 0x00, 0x00, 0x00, 0x00, 0x00, 0x00, 0x00, 0x00, 0x00, 0x00, 0x00, 0x00, 0x00,
  0x00, 0x00, 0x00, 0x80, 0x81, 0x00, 0x00, 0x00, 0x18, 0x00, 0x00, 0x00, 0x24, 0xd0, 0x01, 0x00,
  0x01, 0x00, 0x00, 0x00, 0x00, 0x00, 0x04, 0x00, 0x00, 0x00, 0x00, 0x00, 0x00, 0x00, 0x00, 0x00,
  0x1c, 0xd2, 0x01, 0x00, 0x01, 0x00, 0x00, 0x00, 0x00, 0x00, 0x00, 0x00, 0x08, 0x06, 0x1a, 0x00,
  0x00, 0x09, 0x00, 0x00, 0x00, 0x00, 0x00, 0x00, 0x0c, 0x06, 0x1a, 0x00, 0x18, 0x00, 0x00, 0x80,
  0x00, 0x00, 0x00, 0x00, 0x18, 0xd2, 0x01, 0x00, 0x01, 0x00, 0x00, 0x00, 0x00, 0x00, 0x00, 0x00,
  0x08, 0x06, 0x1a, 0x00, 0x01, 0x00, 0x00, 0x00, 0x00, 0x00, 0x00, 0x00, 0x00, 0x00, 0x1b, 0x02,
  0x07, 0x00, 0x00, 0x80, 0x00, 0x00, 0x00, 0x00, 0x1c, 0x01, 0x1b, 0x02, 0x00, 0x00, 0x00, 0x80,
  0x00, 0x00, 0x00, 0x00, 0x30, 0xf0, 0x03, 0x02, 0x05, 0x00, 0x00, 0x80, 0x00, 0x00, 0x00, 0x00,
  0x14, 0xf1, 0x03, 0x02, 0x00, 0x00, 0x00, 0x80, 0x03, 0x00, 0x00, 0x00, 0x00, 0xf0, 0x01, 0x02,
  0x00, 0x04, 0x00, 0x00, 0x00, 0x0c, 0x00, 0x00, 0x00, 0x00, 0x00, 0x00, 0x24, 0x00, 0x1b, 0x02,
  0x06, 0x00, 0x00, 0x80, 0x00, 0x00, 0x00, 0x00, 0x18, 0x01, 0x1b, 0x02, 0x00, 0x00, 0x00, 0x80,
  0x00, 0x00, 0x00, 0x00, 0x08, 0xf0, 0x03, 0x02, 0x10, 0x00, 0x00, 0x80, 0x00, 0x00, 0x00, 0x00,
  0x40, 0xf1, 0x03, 0x02, 0x00, 0x00, 0x00, 0x80, 0x01, 0x00, 0x00, 0x00, 0x00, 0xd0, 0x01, 0x02,
  0x2c, 0x00, 0x00, 0x00, 0x00, 0x00, 0x01, 0x00, 0x00, 0x00, 0x08, 0x00, 0x00, 0x00, 0x00, 0x00,
  0x00, 0x00, 0x00, 0x00, 0x00, 0x00, 0x00, 0xc0, 0x00, 0x00, 0x00, 0x00, 0x00, 0x00, 0x00, 0x00,
  0x00, 0x00, 0x00, 0x02, 0x01, 0x00, 0x00, 0x00, 0x00, 0x00, 0x1a, 0x02, 0x2c, 0x00, 0x00, 0x00,
  0x00, 0x00, 0x01, 0x00, 0x00, 0x00, 0x02, 0x00, 0x00, 0x00, 0x00, 0x00, 0x00, 0x00, 0x00, 0x00,
  0x00, 0x00, 0x00, 0x00, 0x00, 0x00, 0x00, 0x00, 0x00, 0x00, 0x00, 0x00, 0x00, 0x00, 0x00, 0x80,
  0x81, 0x00, 0x00, 0x00, 0x18, 0x00, 0x00, 0x00, 0x04, 0xd0, 0x01, 0x02, 0x01, 0x00, 0x00, 0x00,
  0x00, 0x00, 0x08, 0x00, 0x00, 0x00, 0x00, 0x00, 0x00, 0x00, 0x00, 0x00, 0x14, 0xd2, 0x01, 0x02,
  0x00, 0x00, 0x00, 0x00, 0x00, 0x00, 0x00, 0x00, 0x00, 0x06, 0x1a, 0x02, 0x00, 0x09, 0x00, 0x00,
  0x00, 0x00, 0x00, 0x00, 0x04, 0x06, 0x1a, 0x02, 0x00, 0x00, 0x00, 0x80, 0x00, 0x00, 0x00, 0x00,
  0x10, 0xd2, 0x01, 0x02, 0x01, 0x00, 0x00, 0x00, 0x00, 0x00, 0x00, 0x00, 0x00, 0x06, 0x1a, 0x02,
  0x01, 0x00, 0x00, 0x00, 0x00, 0x00, 0x00, 0x00, 0x04, 0x00, 0x1b, 0x02, 0x08, 0x00, 0x00, 0x80,
  0x00, 0x00, 0x00, 0x00, 0x20, 0x01, 0x1b, 0x02, 0x00, 0x00, 0x00, 0x80, 0x00, 0x00, 0x00, 0x00,
  0x34, 0xf0, 0x03, 0x02, 0x09, 0x00, 0x00, 0x80, 0x00, 0x00, 0x00, 0x00, 0x24, 0xf1, 0x03, 0x02,
  0x00, 0x00, 0x00, 0x80, 0x03, 0x00, 0x00, 0x00, 0x00, 0xf0, 0x01, 0x02, 0x00, 0x40, 0x00, 0x00,
  0x00, 0xc0, 0x00, 0x00, 0x00, 0x00, 0x00, 0x00, 0x24, 0x00, 0x1b, 0x02, 0x06, 0x00, 0x00, 0x80,
  0x00, 0x00, 0x00, 0x00, 0x18, 0x01, 0x1b, 0x02, 0x00, 0x00, 0x00, 0x80, 0x00, 0x00, 0x00, 0x00,
  0x08, 0xf0, 0x03, 0x02, 0x10, 0x00, 0x00, 0x80, 0x00, 0x00, 0x00, 0x00, 0x40, 0xf1, 0x03, 0x02,
  0x00, 0x00, 0x00, 0x80, 0x01, 0x00, 0x00, 0x00, 0x20, 0xd0, 0x01, 0x02, 0x2c, 0x00, 0x00, 0x00,
  0x00, 0x00, 0x01, 0x00, 0x00, 0x00, 0x0c, 0x00, 0x00, 0x00, 0x00, 0x00, 0x00, 0x00, 0x00, 0x00,
  0x00, 0x00, 0x00, 0xc0, 0x00, 0x00, 0x00, 0x00, 0x00, 0x00, 0x00, 0x00, 0x00, 0x00, 0x00, 0x02,
  0x01, 0x00, 0x00, 0x00, 0x00, 0x03, 0x1a, 0x02, 0x2c, 0x00, 0x00, 0x00, 0x00, 0x00, 0x01, 0x00,
  0x00, 0x00, 0x03, 0x00, 0x00, 0x00, 0x00, 0x00, 0x00, 0x00, 0x00, 0x00, 0x00, 0x00, 0x00, 0x00,
  0x00, 0x00, 0x00, 0x00, 0x00, 0x00, 0x00, 0x00, 0x00, 0x00, 0x00, 0x80, 0x81, 0x00, 0x00, 0x00,
  0x18, 0x00, 0x00, 0x00, 0x24, 0xd0, 0x01, 0x02, 0x01, 0x00, 0x00, 0x00, 0x00, 0x00, 0x0c, 0x00,
  0x00, 0x00, 0x00, 0x00, 0x00, 0x00, 0x00, 0x00, 0x1c, 0xd2, 0x01, 0x02, 0x01, 0x00, 0x00, 0x00,
  0x00, 0x00, 0x00, 0x00, 0x08, 0x06, 0x1a, 0x02, 0x00, 0x09, 0x00, 0x00, 0x00, 0x00, 0x00, 0x00,
  0x0c, 0x06, 0x1a, 0x02, 0x18, 0x00, 0x00, 0x80, 0x00, 0x00, 0x00, 0x00, 0x18, 0xd2, 0x01, 0x02,
  0x01, 0x00, 0x00, 0x00, 0x00, 0x00, 0x00, 0x00, 0x08, 0x06, 0x1a, 0x02, 0x01, 0x00, 0x00, 0x00,
  0x84, 0x00, 0x00, 0x00, 0x0c, 0x00, 0x00, 0x00, 0x04, 0x02, 0x00, 0x00
}};

inline constexpr prebuilt_save_restore stx_save_restore_2 = {
  {stx_save_2.data(), stx_save_2.size()},
  {stx_restore_2.data(), stx_restore_2.size()}
};

inline constexpr std::array<std::uint8_t, 2108> stx_save_4 = {{
  0x01, 0x00, 0x04, 0x06, 0x04, 0x01, 0x00, 0x00, 0x79, 0x00, 0x00, 0x00, 0x3c, 0x08, 0x00, 0x00,
  0x00, 0x00, 0x00, 0x00, 0x1c, 0x00, 0x1b, 0x00, 0x00, 0x00, 0x00, 0x80, 0x00, 0x00, 0x00, 0x00,
  0x00, 0x01, 0x1b, 0x00, 0x00, 0x00, 0x00, 0x80, 0x00, 0x00, 0x00, 0x00, 0x10, 0xf0, 0x03, 0x00,
  0x0e, 0x00, 0x00, 0x80, 0x00, 0x00, 0x00, 0x00, 0x38, 0xf1, 0x03, 0x00, 0x00, 0x00, 0x00, 0x80,
  0x03, 0x00, 0x00, 0x00, 0x04, 0xf0, 0x01, 0x00, 0x10, 0x00, 0x00, 0x00, 0x30, 0x00, 0x00, 0x00,
  0x00, 0x00, 0x00, 0x00, 0x08, 0xf0, 0x03, 0x00, 0x00, 0x00, 0x00, 0x80, 0x00, 0x00, 0x00, 0x00,
  0x00, 0xf1, 0x03, 0x00, 0x00, 0x00, 0x00, 0x80, 0x01, 0x00, 0x00, 0x00, 0x00, 0x00, 0x1a, 0x00,
  0x2c, 0x00, 0x00, 0x00, 0x00, 0x00, 0x01, 0x00, 0x00, 0x00, 0x02, 0x00, 0x00, 0x00, 0x00, 0x00,
  0x00, 0x00, 0x00, 0x00, 0x00, 0x00, 0x00, 0x00, 0x00, 0x00, 0x00, 0x00, 0x00, 0x00, 0x00, 0x00,
  0x00, 0x00, 0x00, 0x80, 0x01, 0x00, 0x00, 0x00, 0x00, 0xd0, 0x01, 0x00, 0x2c, 0x00, 0x00, 0x00,
  0x00, 0x00, 0x01, 0x00, 0x00, 0x00, 0x00, 0x00, 0x00, 0x00, 0x00, 0x00, 0x00, 0x00, 0x00, 0x00,
  0x00, 0x00, 0x00, 0xc0, 0x00, 0x00, 0x00, 0x00, 0x00, 0x00, 0x00, 0x00, 0x00, 0x00, 0x00, 0x02,
  0x81, 0x00, 0x00, 0x00, 0x18, 0x00, 0x00, 0x00, 0x04, 0xd0, 0x01, 0x00, 0x00, 0x00, 0x00, 0x00,
  0x00, 0x00, 0x00, 0x00, 0x00, 0x00, 0x00, 0x00, 0x00, 0x00, 0x00, 0x00, 0x34, 0x06, 0x1a, 0x00,
  0x00, 0x00, 0x00, 0x80, 0x00, 0x00, 0x00, 0x00, 0x00, 0xd2, 0x01, 0x00, 0x00, 0x09, 0x00, 0x00,
  0x00, 0x00, 0x00, 0x00, 0x04, 0xd2, 0x01, 0x00, 0x00, 0x00, 0x00, 0x80, 0x00, 0x00, 0x00, 0x00,
  0x30, 0x06, 0x1a, 0x00, 0x01, 0x00, 0x00, 0x00, 0x00, 0x00, 0x00, 0x00, 0x00, 0xd2, 0x01, 0x00,
  0x01, 0x00, 0x00, 0x00, 0x00, 0x00, 0x00, 0x00, 0x20, 0x00, 0x1b, 0x00, 0x01, 0x00, 0x00, 0x80,
  0x00, 0x00, 0x00, 0x00, 0x04, 0x01, 0x1b, 0x00, 0x00, 0x00, 0x00, 0x80, 0x00, 0x00, 0x00, 0x00,
  0x14, 0xf0, 0x03, 0x00, 0x0f, 0x00, 0x00, 0x80, 0x00, 0x00, 0x00, 0x00, 0x3c, 0xf1, 0x03, 0x00,
  0x00, 0x00, 0x00, 0x80, 0x03, 0x00, 0x00, 0x00, 0x04, 0xf0, 0x01, 0x00, 0x40, 0x00, 0x00, 0x00,
  0xc0, 0x00, 0x00, 0x00, 0x00, 0x00, 0x00, 0x00, 0x08, 0xf0, 0x03, 0x00, 0x00, 0x00, 0x00, 0x80,
  0x00, 0x00, 0x00, 0x00, 0x00, 0xf1, 0x03, 0x00, 0x00, 0x00, 0x00, 0x80, 0x01, 0x00, 0x00, 0x00,
  0x00, 0x03, 0x1a, 0x00, 0x2c, 0x00, 0x00, 0x00, 0x00, 0x00, 0x01, 0x00, 0x00, 0x00, 0x03, 0x00,
  0x00, 0x00, 0x00, 0x00, 0x00, 0x00, 0x00, 0x00, 0x00, 0x00, 0x00, 0x00, 0x00, 0x00, 0x00, 0x00,
  0x00, 0x00, 0x00, 0x00, 0x00, 0x00, 0x00, 0x80, 0x01, 0x00, 0x00, 0x00, 0x20, 0xd0, 0x01, 0x00,
  0x2c, 0x00, 0x00, 0x00, 0x00, 0x00, 0x01, 0x00, 0x00, 0x00, 0x04, 0x00, 0x00, 0x00, 0x00, 0x00,
  0x00, 0x00, 0x00, 0x00, 0x00, 0x00, 0x00, 0xc0, 0x00, 0x00, 0x00, 0x00, 0x00, 0x00, 0x00, 0x00,
  0x00, 0x00, 0x00, 0x02, 0x81, 0x00, 0x00, 0x00, 0x18, 0x00, 0x00, 0x00, 0x24, 0xd0, 0x01, 0x00,
  0x00, 0x00, 0x00, 0x00, 0x00, 0x00, 0x04, 0x00, 0x00, 0x00, 0x00, 0x00, 0x00, 0x00, 0x00, 0x00,
  0x3c, 0x06, 0x1a, 0x00, 0x18, 0x00, 0x00, 0x80, 0x00, 0x00, 0x00, 0x00, 0x08, 0xd2, 0x01, 0x00,
  0x00, 0x09, 0x00, 0x00, 0x00, 0x00, 0x00, 0x00, 0x0c, 0xd2, 0x01, 0x00, 0x01, 0x00, 0x00, 0x80,
  0x00, 0x00, 0x00, 0x00, 0x38, 0x06, 0x1a, 0x00, 0x01, 0x00, 0x00, 0x00, 0x00, 0x00, 0x00, 0x00,
  0x08, 0xd2, 0x01, 0x00, 0x01, 0x00, 0x00, 0x00, 0x00, 0x00, 0x00, 0x00, 0x1c, 0x00, 0x1b, 0x02,
  0x00, 0x00, 0x00, 0x80, 0x00, 0x00, 0x00, 0x00, 0x00, 0x01, 0x1b, 0x02, 0x00, 0x00, 0x00, 0x80,
  0x00, 0x00, 0x00, 0x00, 0x10, 0xf0, 0x03, 0x02, 0x0e, 0x00, 0x00, 0x80, 0x00, 0x00, 0x00, 0x00,
  0x38, 0xf1, 0x03, 0x02, 0x00, 0x00, 0x00, 0x80, 0x03, 0x00, 0x00, 0x00, 0x04, 0xf0, 0x01, 0x02,
  0x10, 0x00, 0x00, 0x00, 0x30, 0x00, 0x00, 0x00, 0x00, 0x00, 0x00, 0x00, 0x08, 0xf0, 0x03, 0x02,
  0x00, 0x00, 0x00, 0x80, 0x00, 0x00, 0x00, 0x00, 0x00, 0xf1, 0x03, 0x02, 0x00, 0x00, 0x00, 0x80,
  0x01, 0x00, 0x00, 0x00, 0x00, 0x00, 0x1a, 0x02, 0x2c, 0x00, 0x00, 0x00, 0x00, 0x00, 0x01, 0x00,
  0x00, 0x00, 0x02, 0x00, 0x00, 0x00, 0x00, 0x00, 0x00, 0x00, 0x00, 0x00, 0x00, 0x00, 0x00, 0x00,
  0x00, 0x00, 0x00, 0x00, 0x00, 0x00, 0x00, 0x00, 0x00, 0x00, 0x00, 0x80, 0x01, 0x00, 0x00, 0x00,
  0x00, 0xd0, 0x01, 0x02, 0x2c, 0x00, 0x00, 0x00, 0x00, 0x00, 0x01, 0x00, 0x00, 0x00, 0x08, 0x00,
  0x00, 0x00, 0x00, 0x00, 0x00, 0x00, 0x00, 0x00, 0x00, 0x00, 0x00, 0xc0, 0x00, 0x00, 0x00, 0x00,
  0x00, 0x00, 0x00, 0x00, 0x00, 0x00, 0x00, 0x02, 0x81, 0x00, 0x00, 0x00, 0x18, 0x00, 0x00, 0x00,
  0x04, 0xd0, 0x01, 0x02, 0x00, 0x00, 0x00, 0x00, 0x00, 0x00, 0x08, 0x00, 0x00, 0x00, 0x00, 0x00,
  0x00, 0x00, 0x00, 0x00, 0x34, 0x06, 0x1a, 0x02, 0x00, 0x00, 0x00, 0x80, 0x00, 0x00, 0x00, 0x00,
  0x00, 0xd2, 0x01, 0x02, 0x00, 0x09, 0x00, 0x00, 0x00, 0x00, 0x00, 0x00, 0x04, 0xd2, 0x01, 0x02,
  0x00, 0x00, 0x00, 0x80, 0x00, 0x00, 0x00, 0x00, 0x30, 0x06, 0x1a, 0x02, 0x01, 0x00, 0x00, 0x00,
  0x00, 0x00, 0x00, 0x00, 0x00, 0xd2, 0x01, 0x02, 0x01, 0x00, 0x00, 0x00, 0x00, 0x00, 0x00, 0x00,
  0x20, 0x00, 0x1b, 0x02, 0x01, 0x00, 0x00, 0x80, 0x00, 0x00, 0x00, 0x00, 0x04, 0x01, 0x1b, 0x02,
  0x00, 0x00, 0x00, 0x80, 0x00, 0x00, 0x00, 0x00, 0x14, 0xf0, 0x03, 0x02, 0x0f, 0x00, 0x00, 0x80,
  0x00, 0x00, 0x00, 0x00, 0x3c, 0xf1, 0x03, 0x02, 0x00, 0x00, 0x00, 0x80, 0x03, 0x00, 0x00, 0x00,
  0x04, 0xf0, 0x01, 0x02, 0x40, 0x00, 0x00, 0x00, 0xc0, 0x00, 0x00, 0x00, 0x00, 0x00, 0x00, 0x00,
  0x08, 0xf0, 0x03, 0x02, 0x00, 0x00, 0x00, 0x80, 0x00, 0x00, 0x00, 0x00, 0x00, 0xf1, 0x03, 0x02,
  0x00, 0x00, 0x00, 0x80, 0x01, 0x00, 0x00, 0x00, 0x00, 0x03, 0x1a, 0x02, 0x2c, 0x00, 0x00, 0x00,
  0x00, 0x00, 0x01, 0x00, 0x00, 0x00, 0x03, 0x00, 0x00, 0x00, 0x00, 0x00, 0x00, 0x00, 0x00, 0x00,
  0x00, 0x00, 0x00, 0x00, 0x00, 0x00, 0x00, 0x00, 0x00, 0x00, 0x00, 0x00, 0x00, 0x00, 0x00, 0x80,
  0x01, 0x00, 0x00, 0x00, 0x20, 0xd0, 0x01, 0x02, 0x2c, 0x00, 0x00, 0x00, 0x00, 0x00, 0x01, 0x00,
  0x00, 0x00, 0x0c, 0x00, 0x00, 0x00, 0x00, 0x00, 0x00, 0x00, 0x00, 0x00, 0x00, 0x00, 0x00, 0xc0,
  0x00, 0x00, 0x00, 0x00, 0x00, 0x00, 0x00, 0x00, 0x00, 0x00, 0x00, 0x02, 0x81, 0x00, 0x00, 0x00,
  0x18, 0x00, 0x00, 0x00, 0x24, 0xd0, 0x01, 0x02, 0x00, 0x00, 0x00, 0x00, 0x00, 0x00, 0x0c, 0x00,
  0x00, 0x00, 0x00, 0x00, 0x00, 0x00, 0x00, 0x00, 0x3c, 0x06, 0x1a, 0x02, 0x18, 0x00, 0x00, 0x80,
  0x00, 0x00, 0x00, 0x00, 0x08, 0xd2, 0x01, 0x02, 0x00, 0x09, 0x00, 0x00, 0x00, 0x00, 0x00, 0x00,
  0x0c, 0xd2, 0x01, 0x02, 0x01, 0x00, 0x00, 0x80, 0x00, 0x00, 0x00, 0x00, 0x38, 0x06, 0x1a, 0x02,
  0x01, 0x00, 0x00, 0x00, 0x00, 0x00, 0x00, 0x00, 0x08, 0xd2, 0x01, 0x02, 0x01, 0x00, 0x00, 0x00,
  0x00, 0x00, 0x00, 0x00, 0x1c, 0x00, 0x1b, 0x04, 0x00, 0x00, 0x00, 0x80, 0x00, 0x00, 0x00, 0x00,
  0x00, 0x01, 0x1b, 0x04, 0x00, 0x00, 0x00, 0x80, 0x00, 0x00, 0x00, 0x00, 0x10, 0xf0, 0x03, 0x04,
  0x0e, 0x00, 0x00, 0x80, 0x00, 0x00, 0x00, 0x00, 0x38, 0xf1, 0x03, 0x04, 0x00, 0x00, 0x00, 0x80,
  0x03, 0x00, 0x00, 0x00, 0x04, 0xf0, 0x01, 0x04, 0x10, 0x00, 0x00, 0x00, 0x30, 0x00, 0x00, 0x00,
  0x00, 0x00, 0x00, 0x00, 0x08, 0xf0, 0x03, 0x04, 0x00, 0x00, 0x00, 0x80, 0x00, 0x00, 0x00, 0x00,
  0x00, 0xf1, 0x03, 0x04, 0x00, 0x00, 0x00, 0x80, 0x01, 0x00, 0x00, 0x00, 0x00, 0x00, 0x1a, 0x04,
  0x2c, 0x00, 0x00, 0x00, 0x00, 0x00, 0x01, 0x00, 0x00, 0x00, 0x02, 0x00, 0x00, 0x00, 0x00, 0x00,
  0x00, 0x00, 0x00, 0x00, 0x00, 0x00, 0x00, 0x00, 0x00, 0x00, 0x00, 0x00, 0x00, 0x00, 0x00, 0x00,
  0x00, 0x00, 0x00, 0x80, 0x01, 0x00, 0x00, 0x00, 0x00, 0xd0, 0x01, 0x04, 0x2c, 0x00, 0x00, 0x00,
  0x00, 0x00, 0x01, 0x00, 0x00, 0x00, 0x10, 0x00, 0x00, 0x00, 0x00, 0x00, 0x00, 0x00, 0x00, 0x00,
  0x00, 0x00, 0x00, 0xc0, 0x00, 0x00, 0x00, 0x00, 0x00, 0x00, 0x00, 0x00, 0x00, 0x00, 0x00, 0x02,
  0x81, 0x00, 0x00, 0x00, 0x18, 0x00, 0x00, 0x00, 0x04, 0xd0, 0x01, 0x04, 0x00, 0x00, 0x00, 0x00,
  0x00, 0x00, 0x10, 0x00, 0x00, 0x00, 0x00, 0x00, 0x00, 0x00, 0x00, 0x00, 0x34, 0x06, 0x1a, 0x04,
  0x00, 0x00, 0x00, 0x80, 0x00, 0x00, 0x00, 0x00, 0x00, 0xd2, 0x01, 0x04, 0x00, 0x09, 0x00, 0x00,
  0x00, 0x00, 0x00, 0x00, 0x04, 0xd2, 0x01, 0x04, 0x00, 0x00, 0x00, 0x80, 0x00, 0x00, 0x00, 0x00,
  0x30, 0x06, 0x1a, 0x04, 0x01, 0x00, 0x00, 0x00, 0x00, 0x00, 0x00, 0x00, 0x00, 0xd2, 0x01, 0x04,
  0x01, 0x00, 0x00, 0x00, 0x00, 0x00, 0x00, 0x00, 0x20, 0x00, 0x1b, 0x04, 0x01, 0x00, 0x00, 0x80,
  0x00, 0x00, 0x00, 0x00, 0x04, 0x01, 0x1b, 0x04, 0x00, 0x00, 0x00, 0x80, 0x00, 0x00, 0x00, 0x00,
  0x14, 0xf0, 0x03, 0x04, 0x0f, 0x00, 0x00, 0x80, 0x00, 0x00, 0x00, 0x00, 0x3c, 0xf1, 0x03, 0x04,
  0x00, 0x00, 0x00, 0x80, 0x03, 0x00, 0x00, 0x00, 0x04, 0xf0, 0x01, 0x04, 0x40, 0x00, 0x00, 0x00,
  0xc0, 0x00, 0x00, 0x00, 0x00, 0x00, 0x00, 0x00, 0x08, 0xf0, 0x03, 0x04, 0x00, 0x00, 0x00, 0x80,
  0x00, 0x00, 0x00, 0x00, 0x00, 0xf1, 0x03, 0x04, 0x00, 0x00, 0x00, 0x80, 0x01, 0x00, 0x00, 0x00,
  0x00, 0x03, 0x1a, 0x04, 0x2c, 0x00, 0x00, 0x00, 0x00, 0x00, 0x01, 0x00, 0x00, 0x00, 0x03, 0x00,
  0x00, 0x00, 0x00, 0x00, 0x00, 0x00, 0x00, 0x00, 0x00, 0x00, 0x00, 0x00, 0x00, 0x00, 0x00, 0x00,
  0x00, 0x00, 0x00, 0x00, 0x00, 0x00, 0x00, 0x80, 0x01, 0x00, 0x00, 0x00, 0x20, 0xd0, 0x01, 0x04,
  0x2c, 0x00, 0x00, 0x00, 0x00, 0x00, 0x01, 0x00, 0x00, 0x00, 0x14, 0x00, 0x00, 0x00, 0x00, 0x00,
  0x00, 0x00, 0x00, 0x00, 0x00, 0x00, 0x00, 0xc0, 0x00, 0x00, 0x00, 0x00, 0x00, 0x00, 0x00, 0x00,
  0x00, 0x00, 0x00, 0x02, 0x81, 0x00, 0x00, 0x00, 0x18, 0x00, 0x00, 0x00, 0x24, 0xd0, 0x01, 0x04,
  0x00, 0x00, 0x00, 0x00, 0x00, 0x00, 0x14, 0x00, 0x00, 0x00, 0x00, 0x00, 0x00, 0x00, 0x00, 0x00,
  0x3c, 0x06, 0x1a, 0x04, 0x18, 0x00, 0x00, 0x80, 0x00, 0x00, 0x00, 0x00, 0x08, 0xd2, 0x01, 0x04,
  0x00, 0x09, 0x00, 0x00, 0x00, 0x00, 0x00, 0x00, 0x0c, 0xd2, 0x01, 0x04, 0x01, 0x00, 0x00, 0x80,
  0x00, 0x00, 0x00, 0x00, 0x38, 0x06, 0x1a, 0x04, 0x01, 0x00, 0x00, 0x00, 0x00, 0x00, 0x00, 0x00,
  0x08, 0xd2, 0x01, 0x04, 0x01, 0x00, 0x00, 0x00, 0x00, 0x00, 0x00, 0x00, 0x1c, 0x00, 0x1b, 0x06,
  0x00, 0x00, 0x00, 0x80, 0x00, 0x00, 0x00, 0x00, 0x00, 0x01, 0x1b, 0x06, 0x00, 0x00, 0x00, 0x80,
  0x00, 0x00, 0x00, 0x00, 0x10, 0xf0, 0x03, 0x06, 0x0e, 0x00, 0x00, 0x80, 0x00, 0x00, 0x00, 0x00,
  0x38, 0xf1, 0x03, 0x06, 0x00, 0x00, 0x00, 0x80, 0x03, 0x00, 0x00, 0x00, 0x04, 0xf0, 0x01, 0x06,
  0x10, 0x00, 0x00, 0x00, 0x30, 0x00, 0x00, 0x00, 0x00, 0x00, 0x00, 0x00, 0x08, 0xf0, 0x03, 0x06,
  0x00, 0x00, 0x00, 0x80, 0x00, 0x00, 0x00, 0x00, 0x00, 0xf1, 0x03, 0x06, 0x00, 0x00, 0x00, 0x80,
  0x01, 0x00, 0x00, 0x00, 0x00, 0x00, 0x1a, 0x06, 0x2c, 0x00, 0x00, 0x00, 0x00, 0x00, 0x01, 0x00,
  0x00, 0x00, 0x02, 0x00, 0x00, 0x00, 0x00, 0x00, 0x00, 0x00, 0x00, 0x00, 0x00, 0x00, 0x00, 0x00,
  0x00, 0x00, 0x00, 0x00, 0x00, 0x00, 0x00, 0x00, 0x00, 0x00, 0x00, 0x80, 0x01, 0x00, 0x00, 0x00,
  0x00, 0xd0, 0x01, 0x06, 0x2c, 0x00, 0x00, 0x00, 0x00, 0x00, 0x01, 0x00, 0x00, 0x00, 0x18, 0x00,
  0x00, 0x00, 0x00, 0x00, 0x00, 0x00, 0x00, 0x00, 0x00, 0x00, 0x00, 0xc0, 0x00, 0x00, 0x00, 0x00,
  0x00, 0x00, 0x00, 0x00, 0x00, 0x00, 0x00, 0x02, 0x81, 0x00, 0x00, 0x00, 0x18, 0x00, 0x00, 0x00,
  0x04, 0xd0, 0x01, 0x06, 0x00, 0x00, 0x00, 0x00, 0x00, 0x00, 0x18, 0x00, 0x00, 0x00, 0x00, 0x00,
  0x00, 0x00, 0x00, 0x00, 0x34, 0x06, 0x1a, 0x06, 0x00, 0x00, 0x00, 0x80, 0x00, 0x00, 0x00, 0x00,
  0x00, 0xd2, 0x01, 0x06, 0x00, 0x09, 0x00, 0x00, 0x00, 0x00, 0x00, 0x00, 0x04, 0xd2, 0x01, 0x06,
  0x00, 0x00, 0x00, 0x80, 0x00, 0x00, 0x00, 0x00, 0x30, 0x06, 0x1a, 0x06, 0x01, 0x00, 0x00, 0x00,
  0x00, 0x00, 0x00, 0x00, 0x00, 0xd2, 0x01, 0x06, 0x01, 0x00, 0x00, 0x00, 0x00, 0x00, 0x00, 0x00,
  0x20, 0x00, 0x1b, 0x06, 0x01, 0x00, 0x00, 0x80, 0x00, 0x00, 0x00, 0x00, 0x04, 0x01, 0x1b, 0x06,
  0x00, 0x00, 0x00, 0x80, 0x00, 0x00, 0x00, 0x00, 0x14, 0xf0, 0x03, 0x06, 0x0f, 0x00, 0x00, 0x80,
  0x00, 0x00, 0x00, 0x00, 0x3c, 0xf1, 0x03, 0x06, 0x00, 0x00, 0x00, 0x80, 0x03, 0x00, 0x00, 0x00,
  0x04, 0xf0, 0x01, 0x06, 0x40, 0x00, 0x00, 0x00, 0xc0, 0x00, 0x00, 0x00, 0x00, 0x00, 0x00, 0x00,
  0x08, 0xf0, 0x03, 0x06, 0x00, 0x00, 0x00, 0x80, 0x00, 0x00, 0x00, 0x00, 0x00, 0xf1, 0x03, 0x06,
  0x00, 0x00, 0x00, 0x80, 0x01, 0x00, 0x00, 0x00, 0x00, 0x03, 0x1a, 0x06, 0x2c, 0x00, 0x00, 0x00,
  0x00, 0x00, 0x01, 0x00, 0x00, 0x00, 0x03, 0x00, 0x00, 0x00, 0x00, 0x00, 0x00, 0x00, 0x00, 0x00,
  0x00, 0x00, 0x00, 0x00, 0x00, 0x00, 0x00, 0x00, 0x00, 0x00, 0x00, 0x00, 0x00, 0x00, 0x00, 0x80,
  0x01, 0x00, 0x00, 0x00, 0x20, 0xd0, 0x01, 0x06, 0x2c, 0x00, 0x00, 0x00, 0x00, 0x00, 0x01, 0x00,
  0x00, 0x00, 0x1c, 0x00, 0x00, 0x00, 0x00, 0x00, 0x00, 0x00, 0x00, 0x00, 0x00, 0x00, 0x00, 0xc0,
  0x00, 0x00, 0x00, 0x00, 0x00, 0x00, 0x00, 0x00, 0x00, 0x00, 0x00, 0x02, 0x81, 0x00, 0x00, 0x00,
  0x18, 0x00, 0x00, 0x00, 0x24, 0xd0, 0x01, 0x06, 0x00, 0x00, 0x00, 0x00, 0x00, 0x00, 0x1c, 0x00,
  0x00, 0x00, 0x00, 0x00, 0x00, 0x00, 0x00, 0x00, 0x3c, 0x06, 0x1a, 0x06, 0x18, 0x00, 0x00, 0x80,
  0x00, 0x00, 0x00, 0x00, 0x08, 0xd2, 0x01, 0x06, 0x00, 0x09, 0x00, 0x00, 0x00, 0x00, 0x00, 0x00,
  0x0c, 0xd2, 0x01, 0x06, 0x01, 0x00, 0x00, 0x80, 0x00, 0x00, 0x00, 0x00, 0x38, 0x06, 0x1a, 0x06,
  0x01, 0x00, 0x00, 0x00, 0x00, 0x00, 0x00, 0x00, 0x08, 0xd2, 0x01, 0x06, 0x01, 0x00, 0x00, 0x00,
  0x84, 0x00, 0x00, 0x00, 0x0c, 0x00, 0x00, 0x00, 0x08, 0x04, 0x00, 0x00
}};

inline constexpr std::array<std::uint8_t, 2300> stx_restore_4 = {{
  0x01, 0x00, 0x04, 0x06, 0x04, 0x01, 0x00, 0x00, 0x89, 0x00, 0x00, 0x00, 0xfc, 0x08, 0x00, 0x00,
  0x00, 0x00, 0x00, 0x00, 0x00, 0x00, 0x1b, 0x00, 0x07, 0x00, 0x00, 0x80, 0x00, 0x00, 0x00, 0x00,
  0x1c, 0x01, 0x1b, 0x00, 0x00, 0x00, 0x00, 0x80, 0x00, 0x00, 0x00, 0x00, 0x30, 0xf0, 0x03, 0x00,
  0x05, 0x00, 0x00, 0x80, 0x00, 0x00, 0x00, 0x00, 0x14, 0xf1, 0x03, 0x00, 0x00, 0x00, 0x00, 0x80,
  0x03, 0x00, 0x00, 0x00, 0x00, 0xf0, 0x01, 0x00, 0x00, 0x04, 0x00, 0x00, 0x00, 0x0c, 0x00, 0x00,
  0x00, 0x00, 0x00, 0x00, 0x24, 0x00, 0x1b, 0x00, 0x06, 0x00, 0x00, 0x80, 0x00, 0x00, 0x00, 0x00,
  0x18, 0x01, 0x1b, 0x00, 0x00, 0x00, 0x00, 0x80, 0x00, 0x00, 0x00, 0x00, 0x08, 0xf0, 0x03, 0x00,
  0x10, 0x00, 0x00, 0x80, 0x00, 0x00, 0x00, 0x00, 0x40, 0xf1, 0x03, 0x00, 0x00, 0x00, 0x00, 0x80,
  0x01, 0x00, 0x00, 0x00, 0x00, 0xd0, 0x01, 0x00, 0x2c, 0x00, 0x00, 0x00, 0x00, 0x00, 0x01, 0x00,
  0x00, 0x00, 0x00, 0x00, 0x00, 0x00, 0x00, 0x00, 0x00, 0x00, 0x00, 0x00, 0x00, 0x00, 0x00, 0xc0,
  0x00, 0x00, 0x00, 0x00, 0x00, 0x00, 0x00, 0x00, 0x00, 0x00, 0x00, 0x02, 0x01, 0x00, 0x00, 0x00,
  0x00, 0x00, 0x1a, 0x00, 0x2c, 0x00, 0x00, 0x00, 0x00, 0x00, 0x01, 0x00, 0x00, 0x00, 0x02, 0x00,
  0x00, 0x00, 0x00, 0x00, 0x00, 0x00, 0x00, 0x00, 0x00, 0x00, 0x00, 0x00, 0x00, 0x00, 0x00, 0x00,
  0x00, 0x00, 0x00, 0x00, 0x00, 0x00, 0x00, 0x80, 0x81, 0x00, 0x00, 0x00, 0x18, 0x00, 0x00, 0x00,
  0x04, 0xd0, 0x01, 0x00, 0x01, 0x00, 0x00, 0x00, 0x00, 0x00, 0x00, 0x00, 0x00, 0x00, 0x00, 0x00,
  0x00, 0x00, 0x00, 0x00, 0x14, 0xd2, 0x01, 0x00, 0x00, 0x00, 0x00, 0x00, 0x00, 0x00, 0x00, 0x00,
  0x00, 0x06, 0x1a, 0x00, 0x00, 0x09, 0x00, 0x00, 0x00, 0x00, 0x00, 0x00, 0x04, 0x06, 0x1a, 0x00,
  0x00, 0x00, 0x00, 0x80, 0x00, 0x00, 0x00, 0x00, 0x10, 0xd2, 0x01, 0x00, 0x01, 0x00, 0x00, 0x00,
  0x00, 0x00, 0x00, 0x00, 0x00, 0x06, 0x1a, 0x00, 0x01, 0x00, 0x00, 0x00, 0x00, 0x00, 0x00, 0x00,
  0x04, 0x00, 0x1b, 0x00, 0x08, 0x00, 0x00, 0x80, 0x00, 0x00, 0x00, 0x00, 0x20, 0x01, 0x1b, 0x00,
  0x00, 0x00, 0x00, 0x80, 0x00, 0x00, 0x00, 0x00, 0x34, 0xf0, 0x03, 0x00, 0x09, 0x00, 0x00, 0x80,
  0x00, 0x00, 0x00, 0x00, 0x24, 0xf1, 0x03, 0x00, 0x00, 0x00, 0x00, 0x80, 0x03, 0x00, 0x00, 0x00,
  0x00, 0xf0, 0x01, 0x00, 0x00, 0x40, 0x00, 0x00, 0x00, 0xc0, 0x00, 0x00, 0x00, 0x00, 0x00, 0x00,
  0x24, 0x00, 0x1b, 0x00, 0x06, 0x00, 0x00, 0x80, 0x00, 0x00, 0x00, 0x00, 0x18, 0x01, 0x1b, 0x00,
  0x00, 0x00, 0x00, 0x80, 0x00, 0x00, 0x00, 0x00, 0x08, 0xf0, 0x03, 0x00, 0x10, 0x00, 0x00, 0x80,
  0x00, 0x00, 0x00, 0x00, 0x40, 0xf1, 0x03, 0x00, 0x00, 0x00, 0x00, 0x80, 0x01, 0x00, 0x00, 0x00,
  0x20, 0xd0, 0x01, 0x00, 0x2c, 0x00, 0x00, 0x00, 0x00, 0x00, 0x01, 0x00, 0x00, 0x00, 0x04, 0x00,
  0x00, 0x00, 0x00, 0x00, 0x00, 0x00, 0x00, 0x00, 0x00, 0x00, 0x00, 0xc0, 0x00, 0x00, 0x00, 0x00,
  0x00, 0x00, 0x00, 0x00, 0x00, 0x00, 0x00, 0x02, 0x01, 0x00, 0x00, 0x00, 0x00, 0x03, 0x1a, 0x00,
  0x2c, 0x00, 0x00, 0x00, 0x00, 0x00, 0x01, 0x00, 0x00, 0x00, 0x03, 0x00, 0x00, 0x00, 0x00, 0x00,
  0x00, 0x00, 0x00, 0x00, 0x00, 0x00, 0x00, 0x00, 0x00, 0x00, 0x00, 0x00, 0x00, 0x00, 0x00, 0x00,
  0x00, 0x00, 0x00, 0x80, 0x81, 0x00, 0x00, 0x00, 0x18, 0x00, 0x00, 0x00, 0x24, 0xd0, 0x01, 0x00,
  0x01, 0x00, 0x00, 0x00, 0x00, 0x00, 0x04, 0x00, 0x00, 0x00, 0x00, 0x00, 0x00, 0x00, 0x00, 0x00,
  0x1c, 0xd2, 0x01, 0x00, 0x01, 0x00, 0x00, 0x00, 0x00, 0x00, 0x00, 0x00, 0x08, 0x06, 0x1a, 0x00,
  0x00, 0x09, 0x00, 0x00, 0x00, 0x00, 0x00, 0x00, 0x0c, 0x06, 0x1a, 0x00, 0x18, 0x00, 0x00, 0x80,
  0x00, 0x00, 0x00, 0x00, 0x18, 0xd2, 0x01, 0x00, 0x01, 0x00, 0x00, 0x00, 0x00, 0x00, 0x00, 0x00,
  0x08, 0x06, 0x1a, 0x00, 0x01, 0x00, 0x00, 0x00, 0x00, 0x00, 0x00, 0x00, 0x00, 0x00, 0x1b, 0x02,
  0x07, 0x00, 0x00, 0x80, 0x00, 0x00, 0x00, 0x00, 0x1c, 0x01, 0x1b, 0x02, 0x00, 0x00, 0x00, 0x80,
  0x00, 0x00, 0x00, 0x00, 0x30, 0xf0, 0x03, 0x02, 0x05, 0x00, 0x00, 0x80, 0x00, 0x00, 0x00, 0x00,
  0x14, 0xf1, 0x03, 0x02, 0x00, 0x00, 0x00, 0x80, 0x03, 0x00, 0x00, 0x00, 0x00, 0xf0, 0x01, 0x02,
  0x00, 0x04, 0x00, 0x00, 0x00, 0x0c, 0x00, 0x00, 0x00, 0x00, 0x00, 0x00, 0x24, 0x00, 0x1b, 0x02,
  0x06, 0x00, 0x00, 0x80, 0x00, 0x00, 0x00, 0x00, 0x18, 0x01, 0x1b, 0x02, 0x00, 0x00, 0x00, 0x80,
  0x00, 0x00, 0x00, 0x00, 0x08, 0xf0, 0x03, 0x02, 0x10, 0x00, 0x00, 0x80, 0x00, 0x00, 0x00, 0x00,
  0x40, 0xf1, 0x03, 0x02, 0x00, 0x00, 0x00, 0x80, 0x01, 0x00, 0x00, 0x00, 0x00, 0xd0, 0x01, 0x02,
  0x2c, 0x00, 0x00, 0x00, 0x00, 0x00, 0x01, 0x00, 0x00, 0x00, 0x08, 0x00, 0x00, 0x00, 0x00, 0x00,
  0x00, 0x00, 0x00, 0x00, 0x00, 0x00, 0x00, 0xc0, 0x00, 0x00, 0x00, 0x00, 0x00, 0x00, 0x00, 0x00,
  0x00, 0x00, 0x00, 0x02, 0x01, 0x00, 0x00, 0x00, 0x00, 0x00, 0x1a, 0x02, 0x2c, 0x00, 0x00, 0x00,
  0x00, 0x00, 0x01, 0x00, 0x00, 0x00, 0x02, 0x00, 0x00, 0x00, 0x00, 0x00, 0x00, 0x00, 0x00, 0x00,
  0x00, 0x00, 0x00, 0x00, 0x00, 0x00, 0x00, 0x00, 0x00, 0x00, 0x00, 0x00, 0x00, 0x00, 0x00, 0x80,
  0x81, 0x00, 0x00, 0x00, 0x18, 0x00, 0x00, 0x00, 0x04, 0xd0, 0x01, 0x02, 0x01, 0x00, 0x00, 0x00,
  0x00, 0x00, 0x08, 0x00, 0x00, 0x00, 0x00, 0x00, 0x00, 0x00, 0x00, 0x00, 0x14, 0xd2, 0x01, 0x02,
  0x00, 0x00, 0x00, 0x00, 0x00, 0x00, 0x00, 0x00, 0x00, 0x06, 0x1a, 0x02, 0x00, 0x09, 0x00, 0x00,
  0x00, 0x00, 0x00, 0x00, 0x04, 0x06, 0x1a, 0x02, 0x00, 0x00, 0x00, 0x80, 0x00, 0x00, 0x00, 0x00,
  0x10, 0xd2, 0x01, 0x02, 0x01, 0x00, 0x00, 0x00, 0x00, 0x00, 0x00, 0x00, 0x00, 0x06, 0x1a, 0x02,
  0x01, 0x00, 0x00, 0x00, 0x00, 0x00, 0x00, 0x00, 0x04, 0x00, 0x1b, 0x02, 0x08, 0x00, 0x00, 0x80,
  0x00, 0x00, 0x00, 0x00, 0x20, 0x01, 0x1b, 0x02, 0x00, 0x00, 0x00, 0x80, 0x00, 0x00, 0x00, 0x00,
  0x34, 0xf0, 0x03, 0x02, 0x09, 0x00, 0x00, 0x80, 0x00, 0x00, 0x00, 0x00, 0x24, 0xf1, 0x03, 0x02,
  0x00, 0x00, 0x00, 0x80, 0x03, 0x00, 0x00, 0x00, 0x00, 0xf0, 0x01, 0x02, 0x00, 0x40, 0x00, 0x00,
  0x00, 0xc0, 0x00, 0x00, 0x00, 0x00, 0x00, 0x00, 0x24, 0x00, 0x1b, 0x02, 0x06, 0x00, 0x00, 0x80,
  0x00, 0x00, 0x00, 0x00, 0x18, 0x01, 0x1b, 0x02, 0x00, 0x00, 0x00, 0x80, 0x00, 0x00, 0x00, 0x00,
  0x08, 0xf0, 0x03, 0x02, 0x10, 0x00, 0x00, 0x80, 0x00, 0x00, 0x00, 0x00, 0x40, 0xf1, 0x03, 0x02,
  0x00, 0x00, 0x00, 0x80, 0x01, 0x00, 0x00, 0x00, 0x20, 0xd0, 0x01, 0x02, 0x2c, 0x00, 0x00, 0x00,
  0x00, 0x00, 0x01, 0x00, 0x00, 0x00, 0x0c, 0x00, 0x00, 0x00, 0x00, 0x00, 0x00, 0x00, 0x00, 0x00,
  0x00, 0x00, 0x00, 0xc0, 0x00, 0x00, 0x00, 0x00, 0x00, 0x00, 0x00, 0x00, 0x00, 0x00, 0x00, 0x02,
  0x01, 0x00, 0x00, 0x00, 0x00, 0x03, 0x1a, 0x02, 0x2c, 0x00, 0x00, 0x00, 0x00, 0x00, 0x01, 0x00,
  0x00, 0x00, 0x03, 0x00, 0x00, 0x00, 0x00, 0x00, 0x00, 0x00, 0x00, 0x00, 0x00, 0x00, 0x00, 0x00,
  0x00, 0x00, 0x00, 0x00, 0x00, 0x00, 0x00, 0x00, 0x00, 0x00, 0x00, 0x80, 0x81, 0x00, 0x00, 0x00,
  0x18, 0x00, 0x00, 0x00, 0x24, 0xd0, 0x01, 0x02, 0x01, 0x00, 0x00, 0x00, 0x00, 0x00, 0x0c, 0x00,
  0x00, 0x00, 0x00, 0x00, 0x00, 0x00, 0x00, 0x00, 0x1c, 0xd2, 0x01, 0x02, 0x01, 0x00, 0x00, 0x00,
  0x00, 0x00, 0x00, 0x00, 0x08, 0x06, 0x1a, 0x02, 0x00, 0x09, 0x00, 0x00, 0x00, 0x00, 0x00, 0x00,
  0x0c, 0x06, 0x1a, 0x02, 0x18, 0x00, 0x00, 0x80, 0x00, 0x00, 0x00, 0x00, 0x18, 0xd2, 0x01, 0x02,
  0x01, 0x00, 0x00, 0x00, 0x00, 0x00, 0x00, 0x00, 0x08, 0x06, 0x1a, 0x02, 0x01, 0x00, 0x00, 0x00,
  0x00, 0x00, 0x00, 0x00, 0x00, 0x00, 0x1b, 0x04, 0x07, 0x00, 0x00, 0x80, 0x00, 0x00, 0x00, 0x00,
  0x1c, 0x01, 0x1b, 0x04, 0x00, 0x00, 0x00, 0x80, 0x00, 0x00, 0x00, 0x00, 0x30, 0xf0, 0x03, 0x04,
  0x05, 0x00, 0x00, 0x80, 0x00, 0x00, 0x00, 0x00, 0x14, 0xf1, 0x03, 0x04, 0x00, 0x00, 0x00, 0x80,
  0x03, 0x00, 0x00, 0x00, 0x00, 0xf0, 0x01, 0x04, 0x00, 0x04, 0x00, 0x00, 0x00, 0x0c, 0x00, 0x00,
  0x00, 0x00, 0x00, 0x00, 0x24, 0x00, 0x1b, 0x04, 0x06, 0x00, 0x00, 0x80, 0x00, 0x00, 0x00, 0x00,
  0x18, 0x01, 0x1b, 0x04, 0x00, 0x00, 0x00, 0x80, 0x00, 0x00, 0x00, 0x00, 0x08, 0xf0, 0x03, 0x04,
  0x10, 0x00, 0x00, 0x80, 0x00, 0x00, 0x00, 0x00, 0x40, 0xf1, 0x03, 0x04, 0x00, 0x00, 0x00, 0x80,
  0x01, 0x00, 0x00, 0x00, 0x00, 0xd0, 0x01, 0x04, 0x2c, 0x00, 0x00, 0x00, 0x00, 0x00, 0x01, 0x00,
  0x00, 0x00, 0x10, 0x00, 0x00, 0x00, 0x00, 0x00, 0x00, 0x00, 0x00, 0x00, 0x00, 0x00, 0x00, 0xc0,
  0x00, 0x00, 0x00, 0x00, 0x00, 0x00, 0x00, 0x00, 0x00, 0x00, 0x00, 0x02, 0x01, 0x00, 0x00, 0x00,
  0x00, 0x00, 0x1a, 0x04, 0x2c, 0x00, 0x00, 0x00, 0x00, 0x00, 0x01, 0x00, 0x00, 0x00, 0x02, 0x00,
  0x00, 0x00, 0x00, 0x00, 0x00, 0x00, 0x00, 0x00, 0x00, 0x00, 0x00, 0x00, 0x00, 0x00, 0x00, 0x00,
  0x00, 0x00, 0x00, 0x00, 0x00, 0x00, 0x00, 0x80, 0x81, 0x00, 0x00, 0x00, 0x18, 0x00, 0x00, 0x00,
  0x04, 0xd0, 0x01, 0x04, 0x01, 0x00, 0x00, 0x00, 0x00, 0x00, 0x10, 0x00, 0x00, 0x00, 0x00, 0x00,
  0x00, 0x00, 0x00, 0x00, 0x14, 0xd2, 0x01, 0x04, 0x00, 0x00, 0x00, 0x00, 0x00, 0x00, 0x00, 0x00,
  0x00, 0x06, 0x1a, 0x04, 0x00, 0x09, 0x00, 0x00, 0x00, 0x00, 0x00, 0x00, 0x04, 0x06, 0x1a, 0x04,
  0x00, 0x00, 0x00, 0x80, 0x00, 0x00, 0x00, 0x00, 0x10, 0xd2, 0x01, 0x04, 0x01, 0x00, 0x00, 0x00,
  0x00, 0x00, 0x00, 0x00, 0x00, 0x06, 0x1a, 0x04, 0x01, 0x00, 0x00, 0x00, 0x00, 0x00, 0x00, 0x00,
  0x04, 0x00, 0x1b, 0x04, 0x08, 0x00, 0x00, 0x80, 0x00, 0x00, 0x00, 0x00, 0x20, 0x01, 0x1b, 0x04,
  0x00, 0x00, 0x00, 0x80, 0x00, 0x00, 0x00, 0x00, 0x34, 0xf0, 0x03, 0x04, 0x09, 0x00, 0x00, 0x80,
  0x00, 0x00, 0x00, 0x00, 0x24, 0xf1, 0x03, 0x04, 0x00, 0x00, 0x00, 0x80, 0x03, 0x00, 0x00, 0x00,
  0x00, 0xf0, 0x01, 0x04, 0x00, 0x40, 0x00, 0x00, 0x00, 0xc0, 0x00, 0x00, 0x00, 0x00, 0x00, 0x00,
  0x24, 0x00, 0x1b, 0x04, 0x06, 0x00, 0x00, 0x80, 0x00, 0x00, 0x00, 0x00, 0x18, 0x01, 0x1b, 0x04,
  0x00, 0x00, 0x00, 0x80, 0x00, 0x00, 0x00, 0x00, 0x08, 0xf0, 0x03, 0x04, 0x10, 0x00, 0x00, 0x80,
  0x00, 0x00, 0x00, 0x00, 0x40, 0xf1, 0x03, 0x04, 0x00, 0x00, 0x00, 0x80, 0x01, 0x00, 0x00, 0x00,
  0x20, 0xd0, 0x01, 0x04, 0x2c, 0x00, 0x00, 0x00, 0x00, 0x00, 0x01, 0x00, 0x00, 0x00, 0x14, 0x00,
  0x00, 0x00, 0x00, 0x00, 0x00, 0x00, 0x00, 0x00, 0x00, 0x00, 0x00, 0xc0, 0x00, 0x00, 0x00, 0x00,
  0x00, 0x00, 0x00, 0x00, 0x00, 0x00, 0x00, 0x02, 0x01, 0x00, 0x00, 0x00, 0x00, 0x03, 0x1a, 0x04,
  0x2c, 0x00, 0x00, 0x00, 0x00, 0x00, 0x01, 0x00, 0x00, 0x00, 0x03, 0x00, 0x00, 0x00, 0x00, 0x00,
  0x00, 0x00, 0x00, 0x00, 0x00, 0x00, 0x00, 0x00, 0x00, 0x00, 0x00, 0x00, 0x00, 0x00, 0x00, 0x00,
  0x00, 0x00, 0x00, 0x80, 0x81, 0x00, 0x00, 0x00, 0x18, 0x00, 0x00, 0x00, 0x24, 0xd0, 0x01, 0x04,
  0x01, 0x00, 0x00, 0x00, 0x00, 0x00, 0x14, 0x00, 0x00, 0x00, 0x00, 0x00, 0x00, 0x00, 0x00, 0x00,
  0x1c, 0xd2, 0x01, 0x04, 0x01, 0x00, 0x00, 0x00, 0x00, 0x00, 0x00, 0x00, 0x08, 0x06, 0x1a, 0x04,
  0x00, 0x09, 0x00, 0x00, 0x00, 0x00, 0x00, 0x00, 0x0c, 0x06, 0x1a, 0x04, 0x18, 0x00, 0x00, 0x80,
  0x00, 0x00, 0x00, 0x00, 0x18, 0xd2, 0x01, 0x04, 0x01, 0x00, 0x00, 0x00, 0x00, 0x00, 0x00, 0x00,
  0x08, 0x06, 0x1a, 0x04, 0x01, 0x00, 0x00, 0x00, 0x00, 0x00, 0x00, 0x00, 0x00, 0x00, 0x1b, 0x06,
  0x07, 0x00, 0x00, 0x80, 0x00, 0x00, 0x00, 0x00, 0x1c, 0x01, 0x1b, 0x06, 0x00, 0x00, 0x00, 0x80,
  0x00, 0x00, 0x00, 0x00, 0x30, 0xf0, 0x03, 0x06, 0x05, 0x00, 0x00, 0x80, 0x00, 0x00, 0x00, 0x00,
  0x14, 0xf1, 0x03, 0x06, 0x00, 0x00, 0x00, 0x80, 0x03, 0x00, 0x00, 0x00, 0x00, 0xf0, 0x01, 0x06,
  0x00, 0x04, 0x00, 0x00, 0x00, 0x0c, 0x00, 0x00, 0x00, 0x00, 0x00, 0x00, 0x24, 0x00, 0x1b, 0x06,
  0x06, 0x00, 0x00, 0x80, 0x00, 0x00, 0x00, 0x00, 0x18, 0x01, 0x1b, 0x06, 0x00, 0x00, 0x00, 0x80,
  0x00, 0x00, 0x00, 0x00, 0x08, 0xf0, 0x03, 0x06, 0x10, 0x00, 0x00, 0x80, 0x00, 0x00, 0x00, 0x00,
  0x40, 0xf1, 0x03, 0x06, 0x00, 0x00, 0x00, 0x80, 0x01, 0x00, 0x00, 0x00, 0x00, 0xd0, 0x01, 0x06,
  0x2c, 0x00, 0x00, 0x00, 0x00, 0x00, 0x01, 0x00, 0x00, 0x00, 0x18, 0x00, 0x00, 0x00, 0x00, 0x00,
  0x00, 0x00, 0x00, 0x00, 0x00, 0x00, 0x00, 0xc0, 0x00, 0x00, 0x00, 0x00, 0x00, 0x00, 0x00, 0x00,
  0x00, 0x00, 0x00, 0x02, 0x01, 0x00, 0x00, 0x00, 0x00, 0x00, 0x1a, 0x06, 0x2c, 0x00, 0x00, 0x00,
  0x00, 0x00, 0x01, 0x00, 0x00, 0x00, 0x02, 0x00, 0x00, 0x00, 0x00, 0x00, 0x00, 0x00, 0x00, 0x00,
  0x00, 0x00, 0x00, 0x00, 0x00, 0x00, 0x00, 0x00, 0x00, 0x00, 0x00, 0x00, 0x00, 0x00, 0x00, 0x80,
  0x81, 0x00, 0x00, 0x00, 0x18, 0x00, 0x00, 0x00, 0x04, 0xd0, 0x01, 0x06, 0x01, 0x00, 0x00, 0x00,
  0x00, 0x00, 0x18, 0x00, 0x00, 0x00, 0x00, 0x00, 0x00, 0x00, 0x00, 0x00, 0x14, 0xd2, 0x01, 0x06,
  0x00, 0x00, 0x00, 0x00, 0x00, 0x00, 0x00, 0x00, 0x00, 0x06, 0x1a, 0x06, 0x00, 0x09, 0x00, 0x00,
  0x00, 0x00, 0x00, 0x00, 0x04, 0x06, 0x1a, 0x06, 0x00, 0x00, 0x00, 0x80, 0x00, 0x00, 0x00, 0x00,
  0x10, 0xd2, 0x01, 0x06, 0x01, 0x00, 0x00, 0x00, 0x00, 0x00, 0x00, 0x00, 0x00, 0x06, 0x1a, 0x06,
  0x01, 0x00, 0x00, 0x00, 0x00, 0x00, 0x00, 0x00, 0x04, 0x00, 0x1b, 0x06, 0x08, 0x00, 0x00, 0x80,
  0x00, 0x00, 0x00, 0x00, 0x20, 0x01, 0x1b, 0x06, 0x00, 0x00, 0x00, 0x80, 0x00, 0x00, 0x00, 0x00,
  0x34, 0xf0, 0x03, 0x06, 0x09, 0x00, 0x00, 0x80, 0x00, 0x00, 0x00, 0x00, 0x24, 0xf1, 0x03, 0x06,
  0x00, 0x00, 0x00, 0x80, 0x03, 0x00, 0x00, 0x00, 0x00, 0xf0, 0x01, 0x06, 0x00, 0x40, 0x00, 0x00,
  0x00, 0xc0, 0x00, 0x00, 0x00, 0x00, 0x00, 0x00, 0x24, 0x00, 0x1b, 0x06, 0x06, 0x00, 0x00, 0x80,
  0x00, 0x00, 0x00, 0x00, 0x18, 0x01, 0x1b, 0x06, 0x00, 0x00, 0x00, 0x80, 0x00, 0x00, 0x00, 0x00,
  0x08, 0xf0, 0x03, 0x06, 0x10, 0x00, 0x00, 0x80, 0x00, 0x00, 0x00, 0x00, 0x40, 0xf1, 0x03, 0x06,
  0x00, 0x00, 0x00, 0x80, 0x01, 0x00, 0x00, 0x00, 0x20, 0xd0, 0x01, 0x06, 0x2c, 0x00, 0x00, 0x00,
  0x00, 0x00, 0x01, 0x00, 0x00, 0x00, 0x1c, 0x00, 0x00, 0x00, 0x00, 0x00, 0x00, 0x00, 0x00, 0x00,
  0x00, 0x00, 0x00, 0xc0, 0x00, 0x00, 0x00, 0x00, 0x00, 0x00, 0x00, 0x00, 0x00, 0x00, 0x00, 0x02,
  0x01, 0x00, 0x00, 0x00, 0x00, 0x03, 0x1a, 0x06, 0x2c, 0x00, 0x00, 0x00, 0x00, 0x00, 0x01, 0x00,
  0x00, 0x00, 0x03, 0x00, 0x00, 0x00, 0x00, 0x00, 0x00, 0x00, 0x00, 0x00, 0x00, 0x00, 0x00, 0x00,
  0x00, 0x00, 0x00, 0x00, 0x00, 0x00, 0x00, 0x00, 0x00, 0x00, 0x00, 0x80, 0x81, 0x00, 0x00, 0x00,
  0x18, 0x00, 0x00, 0x00, 0x24, 0xd0, 0x01, 0x06, 0x01, 0x00, 0x00, 0x00, 0x00, 0x00, 0x1c, 0x00,
  0x00, 0x00, 0x00, 0x00, 0x00, 0x00, 0x00, 0x00, 0x1c, 0xd2, 0x01, 0x06, 0x01, 0x00, 0x00, 0x00,
  0x00, 0x00, 0x00, 0x00, 0x08, 0x06, 0x1a, 0x06, 0x00, 0x09, 0x00, 0x00, 0x00, 0x00, 0x00, 0x00,
  0x0c, 0x06, 0x1a, 0x06, 0x18, 0x00, 0x00, 0x80, 0x00, 0x00, 0x00, 0x00, 0x18, 0xd2, 0x01, 0x06,
  0x01, 0x00, 0x00, 0x00, 0x00, 0x00, 0x00, 0x00, 0x08, 0x06, 0x1a, 0x06, 0x01, 0x00, 0x00, 0x00,
  0x84, 0x00, 0x00, 0x00, 0x0c, 0x00, 0x00, 0x00, 0x08, 0x04, 0x00, 0x00
}};

inline constexpr prebuilt_save_restore stx_save_restore_4 = {
  {stx_save_4.data(), stx_save_4.size()},
  {stx_restore_4.data(), stx_restore_4.size()}
};

inline constexpr std::array<std::uint8_t, 4188> stx_save_8 = {{
  0x01, 0x00, 0x04, 0x06, 0x08, 0x01, 0x00, 0x00, 0xf1, 0x00, 0x00, 0x00, 0x5c, 0x10, 0x00, 0x00,
  0x00, 0x00, 0x00, 0x00, 0x1c, 0x00, 0x1b, 0x00, 0x00, 0x00, 0x00, 0x80, 0x00, 0x00, 0x00, 0x00,
  0x00, 0x01, 0x1b, 0x00, 0x00, 0x00, 0x00, 0x80, 0x00, 0x00, 0x00, 0x00, 0x10, 0xf0, 0x03, 0x00,
  0x0e, 0x00, 0x00, 0x80, 0x00, 0x00, 0x00, 0x00, 0x38, 0xf1, 0x03, 0x00, 0x00, 0x00, 0x00, 0x80,
  0x03, 0x00, 0x00, 0x00, 0x04, 0xf0, 0x01, 0x00, 0x10, 0x00, 0x00, 0x00, 0x30, 0x00, 0x00, 0x00,
  0x00, 0x00, 0x00, 0x00, 0x08, 0xf0, 0x03, 0x00, 0x00, 0x00, 0x00, 0x80, 0x00, 0x00, 0x00, 0x00,
  0x00, 0xf1, 0x03, 0x00, 0x00, 0x00, 0x00, 0x80, 0x01, 0x00, 0x00, 0x00, 0x00, 0x00, 0x1a, 0x00,
  0x2c, 0x00, 0x00, 0x00, 0x00, 0x00, 0x01, 0x00, 0x00, 0x00, 0x02, 0x00, 0x00, 0x00, 0x00, 0x00,
  0x00, 0x00, 0x00, 0x00, 0x00, 0x00, 0x00, 0x00, 0x00, 0x00, 0x00, 0x00, 0x00, 0x00, 0x00, 0x00,
  0x00, 0x00, 0x00, 0x80, 0x01, 0x00, 0x00, 0x00, 0x00, 0xd0, 0x01, 0x00, 0x2c, 0x00, 0x00, 0x00,
  0x00, 0x00, 0x01, 0x00, 0x00, 0x00, 0x00, 0x00, 0x00, 0x00, 0x00, 0x00, 0x00, 0x00, 0x00, 0x00,
  0x00, 0x00, 0x00, 0xc0, 0x00, 0x00, 0x00, 0x00, 0x00, 0x00, 0x00, 0x00, 0x00, 0x00, 0x00, 0x02,
  0x81, 0x00, 0x00, 0x00, 0x18, 0x00, 0x00, 0x00, 0x04, 0xd0, 0x01, 0x00, 0x00, 0x00, 0x00, 0x00,
  0x00, 0x00, 0x00, 0x00, 0x00, 0x00, 0x00, 0x00, 0x00, 0x00, 0x00, 0x00, 0x34, 0x06, 0x1a, 0x00,
  0x00, 0x00, 0x00, 0x80, 0x00, 0x00, 0x00, 0x00, 0x00, 0xd2, 0x01, 0x00, 0x00, 0x09, 0x00, 0x00,
  0x00, 0x00, 0x00, 0x00, 0x04, 0xd2, 0x01, 0x00, 0x00, 0x00, 0x00, 0x80, 0x00, 0x00, 0x00, 0x00,
  0x30, 0x06, 0x1a, 0x00, 0x01, 0x00, 0x00, 0x00, 0x00, 0x00, 0x00, 0x00, 0x00, 0xd2, 0x01, 0x00,
  0x01, 0x00, 0x00, 0x00, 0x00, 0x00, 0x00, 0x00, 0x20, 0x00, 0x1b, 0x00, 0x01, 0x00, 0x00, 0x80,
  0x00, 0x00, 0x00, 0x00, 0x04, 0x01, 0x1b, 0x00, 0x00, 0x00, 0x00, 0x80, 0x00, 0x00, 0x00, 0x00,
  0x14, 0xf0, 0x03, 0x00, 0x0f, 0x00, 0x00, 0x80, 0x00, 0x00, 0x00, 0x00, 0x3c, 0xf1, 0x03, 0x00,
  0x00, 0x00, 0x00, 0x80, 0x03, 0x00, 0x00, 0x00, 0x04, 0xf0, 0x01, 0x00, 0x40, 0x00, 0x00, 0x00,
  0xc0, 0x00, 0x00, 0x00, 0x00, 0x00, 0x00, 0x00, 0x08, 0xf0, 0x03, 0x00, 0x00, 0x00, 0x00, 0x80,
  0x00, 0x00, 0x00, 0x00, 0x00, 0xf1, 0x03, 0x00, 0x00, 0x00, 0x00, 0x80, 0x01, 0x00, 0x00, 0x00,
  0x00, 0x03, 0x1a, 0x00, 0x2c, 0x00, 0x00, 0x00, 0x00, 0x00, 0x01, 0x00, 0x00, 0x00, 0x03, 0x00,
  0x00, 0x00, 0x00, 0x00, 0x00, 0x00, 0x00, 0x00, 0x00, 0x00, 0x00, 0x00, 0x00, 0x00, 0x00, 0x00,
  0x00, 0x00, 0x00, 0x00, 0x00, 0x00, 0x00, 0x80, 0x01, 0x00, 0x00, 0x00, 0x20, 0xd0, 0x01, 0x00,
  0x2c, 0x00, 0x00, 0x00, 0x00, 0x00, 0x01, 0x00, 0x00, 0x00, 0x04, 0x00, 0x00, 0x00, 0x00, 0x00,
  0x00, 0x00, 0x00, 0x00, 0x00, 0x00, 0x00, 0xc0, 0x00, 0x00, 0x00, 0x00, 0x00, 0x00, 0x00, 0x00,
  0x00, 0x00, 0x00, 0x02, 0x81, 0x00, 0x00, 0x00, 0x18, 0x00, 0x00, 0x00, 0x24, 0xd0, 0x01, 0x00,
  0x00, 0x00, 0x00, 0x00, 0x00, 0x00, 0x04, 0x00, 0x00, 0x00, 0x00, 0x00, 0x00, 0x00, 0x00, 0x00,
  0x3c, 0x06, 0x1a, 0x00, 0x18, 0x00, 0x00, 0x80, 0x00, 0x00, 0x00, 0x00, 0x08, 0xd2, 0x01, 0x00,
  0x00, 0x09, 0x00, 0x00, 0x00, 0x00, 0x00, 0x00, 0x0c, 0xd2, 0x01, 0x00, 0x01, 0x00, 0x00, 0x80,
  0x00, 0x00, 0x00, 0x00, 0x38, 0x06, 0x1a, 0x00, 0x01, 0x00, 0x00, 0x00, 0x00, 0x00, 0x00, 0x00,
  0x08, 0xd2, 0x01, 0x00, 0x01, 0x00, 0x00, 0x00, 0x00, 0x00, 0x00, 0x00, 0x1c, 0x00, 0x1b, 0x02,
  0x00, 0x00, 0x00, 0x80, 0x00, 0x00, 0x00, 0x00, 0x00, 0x01, 0x1b, 0x02, 0x00, 0x00, 0x00, 0x80,
  0x00, 0x00, 0x00, 0x00, 0x10, 0xf0, 0x03, 0x02, 0x0e, 0x00, 0x00, 0x80, 0x00, 0x00, 0x00, 0x00,
  0x38, 0xf1, 0x03, 0x02, 0x00, 0x00, 0x00, 0x80, 0x03, 0x00, 0x00, 0x00, 0x04, 0xf0, 0x01, 0x02,
  0x10, 0x00, 0x00, 0x00, 0x30, 0x00, 0x00, 0x00, 0x00, 0x00, 0x00, 0x00, 0x08, 0xf0, 0x03, 0x02,
  0x00, 0x00, 0x00, 0x80, 0x00, 0x00, 0x00, 0x00, 0x00, 0xf1, 0x03, 0x02, 0x00, 0x00, 0x00, 0x80,
  0x01, 0x00, 0x00, 0x00, 0x00, 0x00, 0x1a, 0x02, 0x2c, 0x00, 0x00, 0x00, 0x00, 0x00, 0x01, 0x00,
  0x00, 0x00, 0x02, 0x00, 0x00, 0x00, 0x00, 0x00, 0x00, 0x00, 0x00, 0x00, 0x00, 0x00, 0x00, 0x00,
  0x00, 0x00, 0x00, 0x00, 0x00, 0x00, 0x00, 0x00, 0x00, 0x00, 0x00, 0x80, 0x01, 0x00, 0x00, 0x00,
  0x00, 0xd0, 0x01, 0x02, 0x2c, 0x00, 0x00, 0x00, 0x00, 0x00, 0x01, 0x00, 0x00, 0x00, 0x08, 0x00,
  0x00, 0x00, 0x00, 0x00, 0x00, 0x00, 0x00, 0x00, 0x00, 0x00, 0x00, 0xc0, 0x00, 0x00, 0x00, 0x00,
  0x00, 0x00, 0x00, 0x00, 0x00, 0x00, 0x00, 0x02, 0x81, 0x00, 0x00, 0x00, 0x18, 0x00, 0x00, 0x00,
  0x04, 0xd0, 0x01, 0x02, 0x00, 0x00, 0x00, 0x00, 0x00, 0x00, 0x08, 0x00, 0x00, 0x00, 0x00, 0x00,
  0x00, 0x00, 0x00, 0x00, 0x34, 0x06, 0x1a, 0x02, 0x00, 0x00, 0x00, 0x80, 0x00, 0x00, 0x00, 0x00,
  0x00, 0xd2, 0x01, 0x02, 0x00, 0x09, 0x00, 0x00, 0x00, 0x00, 0x00, 0x00, 0x04, 0xd2, 0x01, 0x02,
  0x00, 0x00, 0x00, 0x80, 0x00, 0x00, 0x00, 0x00, 0x30, 0x06, 0x1a, 0x02, 0x01, 0x00, 0x00, 0x00,
  0x00, 0x00, 0x00, 0x00, 0x00, 0xd2, 0x01, 0x02, 0x01, 0x00, 0x00, 0x00, 0x00, 0x00, 0x00, 0x00,
  0x20, 0x00, 0x1b, 0x02, 0x01, 0x00, 0x00, 0x80, 0x00, 0x00, 0x00, 0x00, 0x04, 0x01, 0x1b, 0x02,
  0x00, 0x00, 0x00, 0x80, 0x00, 0x00, 0x00, 0x00, 0x14, 0xf0, 0x03, 0x02, 0x0f, 0x00, 0x00, 0x80,
  0x00, 0x00, 0x00, 0x00, 0x3c, 0xf1, 0x03, 0x02, 0x00, 0x00, 0x00, 0x80, 0x03, 0x00, 0x00, 0x00,
  0x04, 0xf0, 0x01, 0x02, 0x40, 0x00, 0x00, 0x00, 0xc0, 0x00, 0x00, 0x00, 0x00, 0x00, 0x00, 0x00,
  0x08, 0xf0, 0x03, 0x02, 0x00, 0x00, 0x00, 0x80, 0x00, 0x00, 0x00, 0x00, 0x00, 0xf1, 0x03, 0x02,
  0x00, 0x00, 0x00, 0x80, 0x01, 0x00, 0x00, 0x00, 0x00, 0x03, 0x1a, 0x02, 0x2c, 0x00, 0x00, 0x00,
  0x00, 0x00, 0x01, 0x00, 0x00, 0x00, 0x03, 0x00, 0x00, 0x00, 0x00, 0x00, 0x00, 0x00, 0x00, 0x00,
  0x00, 0x00, 0x00, 0x00, 0x00, 0x00, 0x00, 0x00, 0x00, 0x00, 0x00, 0x00, 0x00, 0x00, 0x00, 0x80,
  0x01, 0x00, 0x00, 0x00, 0x20, 0xd0, 0x01, 0x02, 0x2c, 0x00, 0x00, 0x00, 0x00, 0x00, 0x01, 0x00,
  0x00, 0x00, 0x0c, 0x00, 0x00, 0x00, 0x00, 0x00, 0x00, 0x00, 0x00, 0x00, 0x00, 0x00, 0x00, 0xc0,
  0x00, 0x00, 0x00, 0x00, 0x00, 0x00, 0x00, 0x00, 0x00, 0x00, 0x00, 0x02, 0x81, 0x00, 0x00, 0x00,
  0x18, 0x00, 0x00, 0x00, 0x24, 0xd0, 0x01, 0x02, 0x00, 0x00, 0x00, 0x00, 0x00, 0x00, 0x0c, 0x00,
  0x00, 0x00, 0x00, 0x00, 0x00, 0x00, 0x00, 0x00, 0x3c, 0x06, 0x1a, 0x02, 0x18, 0x00, 0x00, 0x80,
  0x00, 0x00, 0x00, 0x00, 0x08, 0xd2, 0x01, 0x02, 0x00, 0x09, 0x00, 0x00, 0x00, 0x00, 0x00, 0x00,
  0x0c, 0xd2, 0x01, 0x02, 0x01, 0x00, 0x00, 0x80, 0x00, 0x00, 0x00, 0x00, 0x38, 0x06, 0x1a, 0x02,
  0x01, 0x00, 0x00, 0x00, 0x00, 0x00, 0x00, 0x00, 0x08, 0xd2, 0x01, 0x02, 0x01, 0x00, 0x00, 0x00,
  0x00, 0x00, 0x00, 0x00, 0x1c, 0x00, 0x1b, 0x04, 0x00, 0x00, 0x00, 0x80, 0x00, 0x00, 0x00, 0x00,
  0x00, 0x01, 0x1b, 0x04, 0x00, 0x00, 0x00, 0x80, 0x00, 0x00, 0x00, 0x00, 0x10, 0xf0, 0x03, 0x04,
  0x0e, 0x00, 0x00, 0x80, 0x00, 0x00, 0x00, 0x00, 0x38, 0xf1, 0x03, 0x04, 0x00, 0x00, 0x00, 0x80,
  0x03, 0x00, 0x00, 0x00, 0x04, 0xf0, 0x01, 0x04, 0x10, 0x00, 0x00, 0x00, 0x30, 0x00, 0x00, 0x00,
  0x00, 0x00, 0x00, 0x00, 0x08, 0xf0, 0x03, 0x04, 0x00, 0x00, 0x00, 0x80, 0x00, 0x00, 0x00, 0x00,
  0x00, 0xf1, 0x03, 0x04, 0x00, 0x00, 0x00, 0x80, 0x01, 0x00, 0x00, 0x00, 0x00, 0x00, 0x1a, 0x04,
  0x2c, 0x00, 0x00, 0x00, 0x00, 0x00, 0x01, 0x00, 0x00, 0x00, 0x02, 0x00, 0x00, 0x00, 0x00, 0x00,
  0x00, 0x00, 0x00, 0x00, 0x00, 0x00, 0x00, 0x00, 0x00, 0x00, 0x00, 0x00, 0x00, 0x00, 0x00, 0x00,
  0x00, 0x00, 0x00, 0x80, 0x01, 0x00, 0x00, 0x00, 0x00, 0xd0, 0x01, 0x04, 0x2c, 0x00, 0x00, 0x00,
  0x00, 0x00, 0x01, 0x00, 0x00, 0x00, 0x10, 0x00, 0x00, 0x00, 0x00, 0x00, 0x00, 0x00, 0x00, 0x00,
  0x00, 0x00, 0x00, 0xc0, 0x00, 0x00, 0x00, 0x00, 0x00, 0x00, 0x00, 0x00, 0x00, 0x00, 0x00, 0x02,
  0x81, 0x00, 0x00, 0x00, 0x18, 0x00, 0x00, 0x00, 0x04, 0xd0, 0x01, 0x04, 0x00, 0x00, 0x00, 0x00,
  0x00, 0x00, 0x10, 0x00, 0x00, 0x00, 0x00, 0x00, 0x00, 0x00, 0x00, 0x00, 0x34, 0x06, 0x1a, 0x04,
  0x00, 0x00, 0x00, 0x80, 0x00, 0x00, 0x00, 0x00, 0x00, 0xd2, 0x01, 0x04, 0x00, 0x09, 0x00, 0x00,
  0x00, 0x00, 0x00, 0x00, 0x04, 0xd2, 0x01, 0x04, 0x00, 0x00, 0x00, 0x80, 0x00, 0x00, 0x00, 0x00,
  0x30, 0x06, 0x1a, 0x04, 0x01, 0x00, 0x00, 0x00, 0x00, 0x00, 0x00, 0x00, 0x00, 0xd2, 0x01, 0x04,
  0x01, 0x00, 0x00, 0x00, 0x00, 0x00, 0x00, 0x00, 0x20, 0x00, 0x1b, 0x04, 0x01, 0x00, 0x00, 0x80,
  0x00, 0x00, 0x00, 0x00, 0x04, 0x01, 0x1b, 0x04, 0x00, 0x00, 0x00, 0x80, 0x00, 0x00, 0x00, 0x00,
  0x14, 0xf0, 0x03, 0x04, 0x0f, 0x00, 0x00, 0x80, 0x00, 0x00, 0x00, 0x00, 0x3c, 0xf1, 0x03, 0x04,
  0x00, 0x00, 0x00, 0x80, 0x03, 0x00, 0x00, 0x00, 0x04, 0xf0, 0x01, 0x04, 0x40, 0x00, 0x00, 0x00,
  0xc0, 0x00, 0x00, 0x00, 0x00, 0x00, 0x00, 0x00, 0x08, 0xf0, 0x03, 0x04, 0x00, 0x00, 0x00, 0x80,
  0x00, 0x00, 0x00, 0x00, 0x00, 0xf1, 0x03, 0x04, 0x00, 0x00, 0x00, 0x80, 0x01, 0x00, 0x00, 0x00,
  0x00, 0x03, 0x1a, 0x04, 0x2c, 0x00, 0x00, 0x00, 0x00, 0x00, 0x01, 0x00, 0x00, 0x00, 0x03, 0x00,
  0x00, 0x00, 0x00, 0x00, 0x00, 0x00, 0x00, 0x00, 0x00, 0x00, 0x00, 0x00, 0x00, 0x00, 0x00, 0x00,
  0x00, 0x00, 0x00, 0x00, 0x00, 0x00, 0x00, 0x80, 0x01, 0x00, 0x00, 0x00, 0x20, 0xd0, 0x01, 0x04,
  0x2c, 0x00, 0x00, 0x00, 0x00, 0x00, 0x01, 0x00, 0x00, 0x00, 0x14, 0x00, 0x00, 0x00, 0x00, 0x00,
  0x00, 0x00, 0x00, 0x00, 0x00, 0x00, 0x00, 0xc0, 0x00, 0x00, 0x00, 0x00, 0x00, 0x00, 0x00, 0x00,
  0x00, 0x00, 0x00, 0x02, 0x81, 0x00, 0x00, 0x00, 0x18, 0x00, 0x00, 0x00, 0x24, 0xd0, 0x01, 0x04,
  0x00, 0x00, 0x00, 0x00, 0x00, 0x00, 0x14, 0x00, 0x00, 0x00, 0x00, 0x00, 0x00, 0x00, 0x00, 0x00,
  0x3c, 0x06, 0x1a, 0x04, 0x18, 0x00, 0x00, 0x80, 0x00, 0x00, 0x00, 0x00, 0x08, 0xd2, 0x01, 0x04,
  0x00, 0x09, 0x00, 0x00, 0x00, 0x00, 0x00, 0x00, 0x0c, 0xd2, 0x01, 0x04, 0x01, 0x00, 0x00, 0x80,
  0x00, 0x00, 0x00, 0x00, 0x38, 0x06, 0x1a, 0x04, 0x01, 0x00, 0x00, 0x00, 0x00, 0x00, 0x00, 0x00,
  0x08, 0xd2, 0x01, 0x04, 0x01, 0x00, 0x00, 0x00, 0x00, 0x00, 0x00, 0x00, 0x1c, 0x00, 0x1b, 0x06,
  0x00, 0x00, 0x00, 0x80, 0x00, 0x00, 0x00, 0x00, 0x00, 0x01, 0x1b, 0x06, 0x00, 0x00, 0x00, 0x80,
  0x00, 0x00, 0x00, 0x00, 0x10, 0xf0, 0x03, 0x06, 0x0e, 0x00, 0x00, 0x80, 0x00, 0x00, 0x00, 0x00,
  0x38, 0xf1, 0x03, 0x06, 0x00, 0x00, 0x00, 0x80, 0x03, 0x00, 0x00, 0x00, 0x04, 0xf0, 0x01, 0x06,
  0x10, 0x00, 0x00, 0x00, 0x30, 0x00, 0x00, 0x00, 0x00, 0x00, 0x00, 0x00, 0x08, 0xf0, 0x03, 0x06,
  0x00, 0x00, 0x00, 0x80, 0x00, 0x00, 0x00, 0x00, 0x00, 0xf1, 0x03, 0x06, 0x00, 0x00, 0x00, 0x80,
  0x01, 0x00, 0x00, 0x00, 0x00, 0x00, 0x1a, 0x06, 0x2c, 0x00, 0x00, 0x00, 0x00, 0x00, 0x01, 0x00,
  0x00, 0x00, 0x02, 0x00, 0x00, 0x00, 0x00, 0x00, 0x00, 0x00, 0x00, 0x00, 0x00, 0x00, 0x00, 0x00,
  0x00, 0x00, 0x00, 0x00, 0x00, 0x00, 0x00, 0x00, 0x00, 0x00, 0x00, 0x80, 0x01, 0x00, 0x00, 0x00,
  0x00, 0xd0, 0x01, 0x06, 0x2c, 0x00, 0x00, 0x00, 0x00, 0x00, 0x01, 0x00, 0x00, 0x00, 0x18, 0x00,
  0x00, 0x00, 0x00, 0x00, 0x00, 0x00, 0x00, 0x00, 0x00, 0x00, 0x00, 0xc0, 0x00, 0x00, 0x00, 0x00,
  0x00, 0x00, 0x00, 0x00, 0x00, 0x00, 0x00, 0x02, 0x81, 0x00, 0x00, 0x00, 0x18, 0x00, 0x00, 0x00,
  0x04, 0xd0, 0x01, 0x06, 0x00, 0x00, 0x00, 0x00, 0x00, 0x00, 0x18, 0x00, 0x00, 0x00, 0x00, 0x00,
  0x00, 0x00, 0x00, 0x00, 0x34, 0x06, 0x1a, 0x06, 0x00, 0x00, 0x00, 0x80, 0x00, 0x00, 0x00, 0x00,
  0x00, 0xd2, 0x01, 0x06, 0x00, 0x09, 0x00, 0x00, 0x00, 0x00, 0x00, 0x00, 0x04, 0xd2, 0x01, 0x06,
  0x00, 0x00, 0x00, 0x80, 0x00, 0x00, 0x00, 0x00, 0x30, 0x06, 0x1a, 0x06, 0x01, 0x00, 0x00, 0x00,
  0x00, 0x00, 0x00, 0x00, 0x00, 0xd2, 0x01, 0x06, 0x01, 0x00, 0x00, 0x00, 0x00, 0x00, 0x00, 0x00,
  0x20, 0x00, 0x1b, 0x06, 0x01, 0x00, 0x00, 0x80, 0x00, 0x00, 0x00, 0x00, 0x04, 0x01, 0x1b, 0x06,
  0x00, 0x00, 0x00, 0x80, 0x00, 0x00, 0x00, 0x00, 0x14, 0xf0, 0x03, 0x06, 0x0f, 0x00, 0x00, 0x80,
  0x00, 0x00, 0x00, 0x00, 0x3c, 0xf1, 0x03, 0x06, 0x00, 0x00, 0x00, 0x80, 0x03, 0x00, 0x00, 0x00,
  0x04, 0xf0, 0x01, 0x06, 0x40, 0x00, 0x00, 0x00, 0xc0, 0x00, 0x00, 0x00, 0x00, 0x00, 0x00, 0x00,
  0x08, 0xf0, 0x03, 0x06, 0x00, 0x00, 0x00, 0x80, 0x00, 0x00, 0x00, 0x00, 0x00, 0xf1, 0x03, 0x06,
  0x00, 0x00, 0x00, 0x80, 0x01, 0x00, 0x00, 0x00, 0x00, 0x03, 0x1a, 0x06, 0x2c, 0x00, 0x00, 0x00,
  0x00, 0x00, 0x01, 0x00, 0x00, 0x00, 0x03, 0x00, 0x00, 0x00, 0x00, 0x00, 0x00, 0x00, 0x00, 0x00,
  0x00, 0x00, 0x00, 0x00, 0x00, 0x00, 0x00, 0x00, 0x00, 0x00, 0x00, 0x00, 0x00, 0x00, 0x00, 0x80,
  0x01, 0x00, 0x00, 0x00, 0x20, 0xd0, 0x01, 0x06, 0x2c, 0x00, 0x00, 0x00, 0x00, 0x00, 0x01, 0x00,
  0x00, 0x00, 0x1c, 0x00, 0x00, 0x00, 0x00, 0x00, 0x00, 0x00, 0x00, 0x00, 0x00, 0x00, 0x00, 0xc0,
  0x00, 0x00, 0x00, 0x00, 0x00, 0x00, 0x00, 0x00, 0x00, 0x00, 0x00, 0x02, 0x81, 0x00, 0x00, 0x00,
  0x18, 0x00, 0x00, 0x00, 0x24, 0xd0, 0x01, 0x06, 0x00, 0x00, 0x00, 0x00, 0x00, 0x00, 0x1c, 0x00,
  0x00, 0x00, 0x00, 0x00, 0x00, 0x00, 0x00, 0x00, 0x3c, 0x06, 0x1a, 0x06, 0x18, 0x00, 0x00, 0x80,
  0x00, 0x00, 0x00, 0x00, 0x08, 0xd2, 0x01, 0x06, 0x00, 0x09, 0x00, 0x00, 0x00, 0x00, 0x00, 0x00,
  0x0c, 0xd2, 0x01, 0x06, 0x01, 0x00, 0x00, 0x80, 0x00, 0x00, 0x00, 0x00, 0x38, 0x06, 0x1a, 0x06,
  0x01, 0x00, 0x00, 0x00, 0x00, 0x00, 0x00, 0x00, 0x08, 0xd2, 0x01, 0x06, 0x01, 0x00, 0x00, 0x00,
  0x00, 0x00, 0x00, 0x00, 0x1c, 0x00, 0x1b, 0x08, 0x00, 0x00, 0x00, 0x80, 0x00, 0x00, 0x00, 0x00,
  0x00, 0x01, 0x1b, 0x08, 0x00, 0x00, 0x00, 0x80, 0x00, 0x00, 0x00, 0x00, 0x10, 0xf0, 0x03, 0x08,
  0x0e, 0x00, 0x00, 0x80, 0x00, 0x00, 0x00, 0x00, 0x38, 0xf1, 0x03, 0x08, 0x00, 0x00, 0x00, 0x80,
  0x03, 0x00, 0x00, 0x00, 0x04, 0xf0, 0x01, 0x08, 0x10, 0x00, 0x00, 0x00, 0x30, 0x00, 0x00, 0x00,
  0x00, 0x00, 0x00, 0x00, 0x08, 0xf0, 0x03, 0x08, 0x00, 0x00, 0x00, 0x80, 0x00, 0x00, 0x00, 0x00,
  0x00, 0xf1, 0x03, 0x08, 0x00, 0x00, 0x00, 0x80, 0x01, 0x00, 0x00, 0x00, 0x00, 0x00, 0x1a, 0x08,
  0x2c, 0x00, 0x00, 0x00, 0x00, 0x00, 0x01, 0x00, 0x00, 0x00, 0x02, 0x00, 0x00, 0x00, 0x00, 0x00,
  0x00, 0x00, 0x00, 0x00, 0x00, 0x00, 0x00, 0x00, 0x00, 0x00, 0x00, 0x00, 0x00, 0x00, 0x00, 0x00,
  0x00, 0x00, 0x00, 0x80, 0x01, 0x00, 0x00, 0x00, 0x00, 0xd0, 0x01, 0x08, 0x2c, 0x00, 0x00, 0x00,
  0x00, 0x00, 0x01, 0x00, 0x00, 0x00, 0x20, 0x00, 0x00, 0x00, 0x00, 0x00, 0x00, 0x00, 0x00, 0x00,
  0x00, 0x00, 0x00, 0xc0, 0x00, 0x00, 0x00, 0x00, 0x00, 0x00, 0x00, 0x00, 0x00, 0x00, 0x00, 0x02,
  0x81, 0x00, 0x00, 0x00, 0x18, 0x00, 0x00, 0x00, 0x04, 0xd0, 0x01, 0x08, 0x00, 0x00, 0x00, 0x00,
  0x00, 0x00, 0x20, 0x00, 0x00, 0x00, 0x00, 0x00, 0x00, 0x00, 0x00, 0x00, 0x34, 0x06, 0x1a, 0x08,
  0x00, 0x00, 0x00, 0x80, 0x00, 0x00, 0x00, 0x00, 0x00, 0xd2, 0x01, 0x08, 0x00, 0x09, 0x00, 0x00,
  0x00, 0x00, 0x00, 0x00, 0x04, 0xd2, 0x01, 0x08, 0x00, 0x00, 0x00, 0x80, 0x00, 0x00, 0x00, 0x00,
  0x30, 0x06, 0x1a, 0x08, 0x01, 0x00, 0x00, 0x00, 0x00, 0x00, 0x00, 0x00, 0x00, 0xd2, 0x01, 0x08,
  0x01, 0x00, 0x00, 0x00, 0x00, 0x00, 0x00, 0x00, 0x20, 0x00, 0x1b, 0x08, 0x01, 0x00, 0x00, 0x80,
  0x00, 0x00, 0x00, 0x00, 0x04, 0x01, 0x1b, 0x08, 0x00, 0x00, 0x00, 0x80, 0x00, 0x00, 0x00, 0x00,
  0x14, 0xf0, 0x03, 0x08, 0x0f, 0x00, 0x00, 0x80, 0x00, 0x00, 0x00, 0x00, 0x3c, 0xf1, 0x03, 0x08,
  0x00, 0x00, 0x00, 0x80, 0x03, 0x00, 0x00, 0x00, 0x04, 0xf0, 0x01, 0x08, 0x40, 0x00, 0x00, 0x00,
  0xc0, 0x00, 0x00, 0x00, 0x00, 0x00, 0x00, 0x00, 0x08, 0xf0, 0x03, 0x08, 0x00, 0x00, 0x00, 0x80,
  0x00, 0x00, 0x00, 0x00, 0x00, 0xf1, 0x03, 0x08, 0x00, 0x00, 0x00, 0x80, 0x01, 0x00, 0x00, 0x00,
  0x00, 0x03, 0x1a, 0x08, 0x2c, 0x00, 0x00, 0x00, 0x00, 0x00, 0x01, 0x00, 0x00, 0x00, 0x03, 0x00,
  0x00, 0x00, 0x00, 0x00, 0x00, 0x00, 0x00, 0x00, 0x00, 0x00, 0x00, 0x00, 0x00, 0x00, 0x00, 0x00,
  0x00, 0x00, 0x00, 0x00, 0x00, 0x00, 0x00, 0x80, 0x01, 0x00, 0x00, 0x00, 0x20, 0xd0, 0x01, 0x08,
  0x2c, 0x00, 0x00, 0x00, 0x00, 0x00, 0x01, 0x00, 0x00, 0x00, 0x24, 0x00, 0x00, 0x00, 0x00, 0x00,
  0x00, 0x00, 0x00, 0x00, 0x00, 0x00, 0x00, 0xc0, 0x00, 0x00, 0x00, 0x00, 0x00, 0x00, 0x00, 0x00,
  0x00, 0x00, 0x00, 0x02, 0x81, 0x00, 0x00, 0x00, 0x18, 0x00, 0x00, 0x00, 0x24, 0xd0, 0x01, 0x08,
  0x00, 0x00, 0x00, 0x00, 0x00, 0x00, 0x24, 0x00, 0x00, 0x00, 0x00, 0x00, 0x00, 0x00, 0x00, 0x00,
  0x3c, 0x06, 0x1a, 0x08, 0x18, 0x00, 0x00, 0x80, 0x00, 0x00, 0x00, 0x00, 0x08, 0xd2, 0x01, 0x08,
  0x00, 0x09, 0x00, 0x00, 0x00, 0x00, 0x00, 0x00, 0x0c, 0xd2, 0x01, 0x08, 0x01, 0x00, 0x00, 0x80,
  0x00, 0x00, 0x00, 0x00, 0x38, 0x06, 0x1a, 0x08, 0x01, 0x00, 0x00, 0x00, 0x00, 0x00, 0x00, 0x00,
  0x08, 0xd2, 0x01, 0x08, 0x01, 0x00, 0x00, 0x00, 0x00, 0x00, 0x00, 0x00, 0x1c, 0x00, 0x1b, 0x0a,
  0x00, 0x00, 0x00, 0x80, 0x00, 0x00, 0x00, 0x00, 0x00, 0x01, 0x1b, 0x0a, 0x00, 0x00, 0x00, 0x80,
  0x00, 0x00, 0x00, 0x00, 0x10, 0xf0, 0x03, 0x0a, 0x0e, 0x00, 0x00, 0x80, 0x00, 0x00, 0x00, 0x00,
  0x38, 0xf1, 0x03, 0x0a, 0x00, 0x00, 0x00, 0x80, 0x03, 0x00, 0x00, 0x00, 0x04, 0xf0, 0x01, 0x0a,
  0x10, 0x00, 0x00, 0x00, 0x30, 0x00, 0x00, 0x00, 0x00, 0x00, 0x00, 0x00, 0x08, 0xf0, 0x03, 0x0a,
  0x00, 0x00, 0x00, 0x80, 0x00, 0x00, 0x00, 0x00, 0x00, 0xf1, 0x03, 0x0a, 0x00, 0x00, 0x00, 0x80,
  0x01, 0x00, 0x00, 0x00, 0x00, 0x00, 0x1a, 0x0a, 0x2c, 0x00, 0x00, 0x00, 0x00, 0x00, 0x01, 0x00,
  0x00, 0x00, 0x02, 0x00, 0x00, 0x00, 0x00, 0x00, 0x00, 0x00, 0x00, 0x00, 0x00, 0x00, 0x00, 0x00,
  0x00, 0x00, 0x00, 0x00, 0x00, 0x00, 0x00, 0x00, 0x00, 0x00, 0x00, 0x80, 0x01, 0x00, 0x00, 0x00,
  0x00, 0xd0, 0x01, 0x0a, 0x2c, 0x00, 0x00, 0x00, 0x00, 0x00, 0x01, 0x00, 0x00, 0x00, 0x28, 0x00,
  0x00, 0x00, 0x00, 0x00, 0x00, 0x00, 0x00, 0x00, 0x00, 0x00, 0x00, 0xc0, 0x00, 0x00, 0x00, 0x00,
  0x00, 0x00, 0x00, 0x00, 0x00, 0x00, 0x00, 0x02, 0x81, 0x00, 0x00, 0x00, 0x18, 0x00, 0x00, 0x00,
  0x04, 0xd0, 0x01, 0x0a, 0x00, 0x00, 0x00, 0x00, 0x00, 0x00, 0x28, 0x00, 0x00, 0x00, 0x00, 0x00,
  0x00, 0x00, 0x00, 0x00, 0x34, 0x06, 0x1a, 0x0a, 0x00, 0x00, 0x00, 0x80, 0x00, 0x00, 0x00, 0x00,
  0x00, 0xd2, 0x01, 0x0a, 0x00, 0x09, 0x00, 0x00, 0x00, 0x00, 0x00, 0x00, 0x04, 0xd2, 0x01, 0x0a,
  0x00, 0x00, 0x00, 0x80, 0x00, 0x00, 0x00, 0x00, 0x30, 0x06, 0x1a, 0x0a, 0x01, 0x00, 0x00, 0x00,
  0x00, 0x00, 0x00, 0x00, 0x00, 0xd2, 0x01, 0x0a, 0x01, 0x00, 0x00, 0x00, 0x00, 0x00, 0x00, 0x00,
  0x20, 0x00, 0x1b, 0x0a, 0x01, 0x00, 0x00, 0x80, 0x00, 0x00, 0x00, 0x00, 0x04, 0x01, 0x1b, 0x0a,
  0x00, 0x00, 0x00, 0x80, 0x00, 0x00, 0x00, 0x00, 0x14, 0xf0, 0x03, 0x0a, 0x0f, 0x00, 0x00, 0x80,
  0x00, 0x00, 0x00, 0x00, 0x3c, 0xf1, 0x03, 0x0a, 0x00, 0x00, 0x00, 0x80, 0x03, 0x00, 0x00, 0x00,
  0x04, 0xf0, 0x01, 0x0a, 0x40, 0x00, 0x00, 0x00, 0xc0, 0x00, 0x00, 0x00, 0x00, 0x00, 0x00, 0x00,
  0x08, 0xf0, 0x03, 0x0a, 0x00, 0x00, 0x00, 0x80, 0x00, 0x00, 0x00, 0x00, 0x00, 0xf1, 0x03, 0x0a,
  0x00, 0x00, 0x00, 0x80, 0x01, 0x00, 0x00, 0x00, 0x00, 0x03, 0x1a, 0x0a, 0x2c, 0x00, 0x00, 0x00,
  0x00, 0x00, 0x01, 0x00, 0x00, 0x00, 0x03, 0x00, 0x00, 0x00, 0x00, 0x00, 0x00, 0x00, 0x00, 0x00,
  0x00, 0x00, 0x00, 0x00, 0x00, 0x00, 0x00, 0x00, 0x00, 0x00, 0x00, 0x00, 0x00, 0x00, 0x00, 0x80,
  0x01, 0x00, 0x00, 0x00, 0x20, 0xd0, 0x01, 0x0a, 0x2c, 0x00, 0x00, 0x00, 0x00, 0x00, 0x01, 0x00,
  0x00, 0x00, 0x2c, 0x00, 0x00, 0x00, 0x00, 0x00, 0x00, 0x00, 0x00, 0x00, 0x00, 0x00, 0x00, 0xc0,
  0x00, 0x00, 0x00, 0x00, 0x00, 0x00, 0x00, 0x00, 0x00, 0x00, 0x00, 0x02, 0x81, 0x00, 0x00, 0x00,
  0x18, 0x00, 0x00, 0x00, 0x24, 0xd0, 0x01, 0x0a, 0x00, 0x00, 0x00, 0x00, 0x00, 0x00, 0x2c, 0x00,
  0x00, 0x00, 0x00, 0x00, 0x00, 0x00, 0x00, 0x00, 0x3c, 0x06, 0x1a, 0x0a, 0x18, 0x00, 0x00, 0x80,
  0x00, 0x00, 0x00, 0x00, 0x08, 0xd2, 0x01, 0x0a, 0x00, 0x09, 0x00, 0x00, 0x00, 0x00, 0x00, 0x00,
  0x0c, 0xd2, 0x01, 0x0a, 0x01, 0x00, 0x00, 0x80, 0x00, 0x00, 0x00, 0x00, 0x38, 0x06, 0x1a, 0x0a,
  0x01, 0x00, 0x00, 0x00, 0x00, 0x00, 0x00, 0x00, 0x08, 0xd2, 0x01, 0x0a, 0x01, 0x00, 0x00, 0x00,
  0x00, 0x00, 0x00, 0x00, 0x1c, 0x00, 0x1b, 0x0c, 0x00, 0x00, 0x00, 0x80, 0x00, 0x00, 0x00, 0x00,
  0x00, 0x01, 0x1b, 0x0c, 0x00, 0x00, 0x00, 0x80, 0x00, 0x00, 0x00, 0x00, 0x10, 0xf0, 0x03, 0x0c,
  0x0e, 0x00, 0x00, 0x80, 0x00, 0x00, 0x00, 0x00, 0x38, 0xf1, 0x03, 0x0c, 0x00, 0x00, 0x00, 0x80,
  0x03, 0x00, 0x00, 0x00, 0x04, 0xf0, 0x01, 0x0c, 0x10, 0x00, 0x00, 0x00, 0x30, 0x00, 0x00, 0x00,
  0x00, 0x00, 0x00, 0x00, 0x08, 0xf0, 0x03, 0x0c, 0x00, 0x00, 0x00, 0x80, 0x00, 0x00, 0x00, 0x00,
  0x00, 0xf1, 0x03, 0x0c, 0x00, 0x00, 0x00, 0x80, 0x01, 0x00, 0x00, 0x00, 0x00, 0x00, 0x1a, 0x0c,
  0x2c, 0x00, 0x00, 0x00, 0x00, 0x00, 0x01, 0x00, 0x00, 0x00, 0x02, 0x00, 0x00, 0x00, 0x00, 0x00,
  0x00, 0x00, 0x00, 0x00, 0x00, 0x00, 0x00, 0x00, 0x00, 0x00, 0x00, 0x00, 0x00, 0x00, 0x00, 0x00,
  0x00, 0x00, 0x00, 0x80, 0x01, 0x00, 0x00, 0x00, 0x00, 0xd0, 0x01, 0x0c, 0x2c, 0x00, 0x00, 0x00,
  0x00, 0x00, 0x01, 0x00, 0x00, 0x00, 0x30, 0x00, 0x00, 0x00, 0x00, 0x00, 0x00, 0x00, 0x00, 0x00,
  0x00, 0x00, 0x00, 0xc0, 0x00, 0x00, 0x00, 0x00, 0x00, 0x00, 0x00, 0x00, 0x00, 0x00, 0x00, 0x02,
  0x81, 0x00, 0x00, 0x00, 0x18, 0x00, 0x00, 0x00, 0x04, 0xd0, 0x01, 0x0c, 0x00, 0x00, 0x00, 0x00,
  0x00, 0x00, 0x30, 0x00, 0x00, 0x00, 0x00, 0x00, 0x00, 0x00, 0x00, 0x00, 0x34, 0x06, 0x1a, 0x0c,
  0x00, 0x00, 0x00, 0x80, 0x00, 0x00, 0x00, 0x00, 0x00, 0xd2, 0x01, 0x0c, 0x00, 0x09, 0x00, 0x00,
  0x00, 0x00, 0x00, 0x00, 0x04, 0xd2, 0x01, 0x0c, 0x00, 0x00, 0x00, 0x80, 0x00, 0x00, 0x00, 0x00,
  0x30, 0x06, 0x1a, 0x0c, 0x01, 0x00, 0x00, 0x00, 0x00, 0x00, 0x00, 0x00, 0x00, 0xd2, 0x01, 0x0c,
  0x01, 0x00, 0x00, 0x00, 0x00, 0x00, 0x00, 0x00, 0x20, 0x00, 0x1b, 0x0c, 0x01, 0x00, 0x00, 0x80,
  0x00, 0x00, 0x00, 0x00, 0x04, 0x01, 0x1b, 0x0c, 0x00, 0x00, 0x00, 0x80, 0x00, 0x00, 0x00, 0x00,
  0x14, 0xf0, 0x03, 0x0c, 0x0f, 0x00, 0x00, 0x80, 0x00, 0x00, 0x00, 0x00, 0x3c, 0xf1, 0x03, 0x0c,
  0x00, 0x00, 0x00, 0x80, 0x03, 0x00, 0x00, 0x00, 0x04, 0xf0, 0x01, 0x0c, 0x40, 0x00, 0x00, 0x00,
  0xc0, 0x00, 0x00, 0x00, 0x00, 0x00, 0x00, 0x00, 0x08, 0xf0, 0x03, 0x0c, 0x00, 0x00, 0x00, 0x80,
  0x00, 0x00, 0x00, 0x00, 0x00, 0xf1, 0x03, 0x0c, 0x00, 0x00, 0x00, 0x80, 0x01, 0x00, 0x00, 0x00,
  0x00, 0x03, 0x1a, 0x0c, 0x2c, 0x00, 0x00, 0x00, 0x00, 0x00, 0x01, 0x00, 0x00, 0x00, 0x03, 0x00,
  0x00, 0x00, 0x00, 0x00, 0x00, 0x00, 0x00, 0x00, 0x00, 0x00, 0x00, 0x00, 0x00, 0x00, 0x00, 0x00,
  0x00, 0x00, 0x00, 0x00, 0x00, 0x00, 0x00, 0x80, 0x01, 0x00, 0x00, 0x00, 0x20, 0xd0, 0x01, 0x0c,
  0x2c, 0x00, 0x00, 0x00, 0x00, 0x00, 0x01, 0x00, 0x00, 0x00, 0x34, 0x00, 0x00, 0x00, 0x00, 0x00,
  0x00, 0x00, 0x00, 0x00, 0x00, 0x00, 0x00, 0xc0, 0x00, 0x00, 0x00, 0x00, 0x00, 0x00, 0x00, 0x00,
  0x00, 0x00, 0x00, 0x02, 0x81, 0x00, 0x00, 0x00, 0x18, 0x00, 0x00, 0x00, 0x24, 0xd0, 0x01, 0x0c,
  0x00, 0x00, 0x00, 0x00, 0x00, 0x00, 0x34, 0x00, 0x00, 0x00, 0x00, 0x00, 0x00, 0x00, 0x00, 0x00,
  0x3c, 0x06, 0x1a, 0x0c, 0x18, 0x00, 0x00, 0x80, 0x00, 0x00, 0x00, 0x00, 0x08, 0xd2, 0x01, 0x0c,
  0x00, 0x09, 0x00, 0x00, 0x00, 0x00, 0x00, 0x00, 0x0c, 0xd2, 0x01, 0x0c, 0x01, 0x00, 0x00, 0x80,
  0x00, 0x00, 0x00, 0x00, 0x38, 0x06, 0x1a, 0x0c, 0x01, 0x00, 0x00, 0x00, 0x00, 0x00, 0x00, 0x00,
  0x08, 0xd2, 0x01, 0x0c, 0x01, 0x00, 0x00, 0x00, 0x00, 0x00, 0x00, 0x00, 0x1c, 0x00, 0x1b, 0x0e,
  0x00, 0x00, 0x00, 0x80, 0x00, 0x00, 0x00, 0x00, 0x00, 0x01, 0x1b, 0x0e, 0x00, 0x00, 0x00, 0x80,
  0x00, 0x00, 0x00, 0x00, 0x10, 0xf0, 0x03, 0x0e, 0x0e, 0x00, 0x00, 0x80, 0x00, 0x00, 0x00, 0x00,
  0x38, 0xf1, 0x03, 0x0e, 0x00, 0x00, 0x00, 0x80, 0x03, 0x00, 0x00, 0x00, 0x04, 0xf0, 0x01, 0x0e,
  0x10, 0x00, 0x00, 0x00, 0x30, 0x00, 0x00, 0x00, 0x00, 0x00, 0x00, 0x00, 0x08, 0xf0, 0x03, 0x0e,
  0x00, 0x00, 0x00, 0x80, 0x00, 0x00, 0x00, 0x00, 0x00, 0xf1, 0x03, 0x0e, 0x00, 0x00, 0x00, 0x80,
  0x01, 0x00, 0x00, 0x00, 0x00, 0x00, 0x1a, 0x0e, 0x2c, 0x00, 0x00, 0x00, 0x00, 0x00, 0x01, 0x00,
  0x00, 0x00, 0x02, 0x00, 0x00, 0x00, 0x00, 0x00, 0x00, 0x00, 0x00, 0x00, 0x00, 0x00, 0x00, 0x00,
  0x00, 0x00, 0x00, 0x00, 0x00, 0x00, 0x00, 0x00, 0x00, 0x00, 0x00, 0x80, 0x01, 0x00, 0x00, 0x00,
  0x00, 0xd0, 0x01, 0x0e, 0x2c, 0x00, 0x00, 0x00, 0x00, 0x00, 0x01, 0x00, 0x00, 0x00, 0x38, 0x00,
  0x00, 0x00, 0x00, 0x00, 0x00, 0x00, 0x00, 0x00, 0x00, 0x00, 0x00, 0xc0, 0x00, 0x00, 0x00, 0x00,
  0x00, 0x00, 0x00, 0x00, 0x00, 0x00, 0x00, 0x02, 0x81, 0x00, 0x00, 0x00, 0x18, 0x00, 0x00, 0x00,
  0x04, 0xd0, 0x01, 0x0e, 0x00, 0x00, 0x00, 0x00, 0x00, 0x00, 0x38, 0x00, 0x00, 0x00, 0x00, 0x00,
  0x00, 0x00, 0x00, 0x00, 0x34, 0x06, 0x1a, 0x0e, 0x00, 0x00, 0x00, 0x80, 0x00, 0x00, 0x00, 0x00,
  0x00, 0xd2, 0x01, 0x0e, 0x00, 0x09, 0x00, 0x00, 0x00, 0x00, 0x00, 0x00, 0x04, 0xd2, 0x01, 0x0e,
  0x00, 0x00, 0x00, 0x80, 0x00, 0x00, 0x00, 0x00, 0x30, 0x06, 0x1a, 0x0e, 0x01, 0x00, 0x00, 0x00,
  0x00, 0x00, 0x00, 0x00, 0x00, 0xd2, 0x01, 0x0e, 0x01, 0x00, 0x00, 0x00, 0x00, 0x00, 0x00, 0x00,
  0x20, 0x00, 0x1b, 0x0e, 0x01, 0x00, 0x00, 0x80, 0x00, 0x00, 0x00, 0x00, 0x04, 0x01, 0x1b, 0x0e,
  0x00, 0x00, 0x00, 0x80, 0x00, 0x00, 0x00, 0x00, 0x14, 0xf0, 0x03, 0x0e, 0x0f, 0x00, 0x00, 0x80,
  0x00, 0x00, 0x00, 0x00, 0x3c, 0xf1, 0x03, 0x0e, 0x00, 0x00, 0x00, 0x80, 0x03, 0x00, 0x00, 0x00,
  0x04, 0xf0, 0x01, 0x0e, 0x40, 0x00, 0x00, 0x00, 0xc0, 0x00, 0x00, 0x00, 0x00, 0x00, 0x00, 0x00,
  0x08, 0xf0, 0x03, 0x0e, 0x00, 0x00, 0x00, 0x80, 0x00, 0x00, 0x00, 0x00, 0x00, 0xf1, 0x03, 0x0e,
  0x00, 0x00, 0x00, 0x80, 0x01, 0x00, 0x00, 0x00, 0x00, 0x03, 0x1a, 0x0e, 0x2c, 0x00, 0x00, 0x00,
  0x00, 0x00, 0x01, 0x00, 0x00, 0x00, 0x03, 0x00, 0x00, 0x00, 0x00, 0x00, 0x00, 0x00, 0x00, 0x00,
  0x00, 0x00, 0x00, 0x00, 0x00, 0x00, 0x00, 0x00, 0x00, 0x00, 0x00, 0x00, 0x00, 0x00, 0x00, 0x80,
  0x01, 0x00, 0x00, 0x00, 0x20, 0xd0, 0x01, 0x0e, 0x2c, 0x00, 0x00, 0x00, 0x00, 0x00, 0x01, 0x00,
  0x00, 0x00, 0x3c, 0x00, 0x00, 0x00, 0x00, 0x00, 0x00, 0x00, 0x00, 0x00, 0x00, 0x00, 0x00, 0xc0,
  0x00, 0x00, 0x00, 0x00, 0x00, 0x00, 0x00, 0x00, 0x00, 0x00, 0x00, 0x02, 0x81, 0x00, 0x00, 0x00,
  0x18, 0x00, 0x00, 0x00, 0x24, 0xd0, 0x01, 0x0e, 0x00, 0x00, 0x00, 0x00, 0x00, 0x00, 0x3c, 0x00,
  0x00, 0x00, 0x00, 0x00, 0x00, 0x00, 0x00, 0x00, 0x3c, 0x06, 0x1a, 0x0e, 0x18, 0x00, 0x00, 0x80,
  0x00, 0x00, 0x00, 0x00, 0x08, 0xd2, 0x01, 0x0e, 0x00, 0x09, 0x00, 0x00, 0x00, 0x00, 0x00, 0x00,
  0x0c, 0xd2, 0x01, 0x0e, 0x01, 0x00, 0x00, 0x80, 0x00, 0x00, 0x00, 0x00, 0x38, 0x06, 0x1a, 0x0e,
  0x01, 0x00, 0x00, 0x00, 0x00, 0x00, 0x00, 0x00, 0x08, 0xd2, 0x01, 0x0e, 0x01, 0x00, 0x00, 0x00,
  0x84, 0x00, 0x00, 0x00, 0x0c, 0x00, 0x00, 0x00, 0x10, 0x08, 0x00, 0x00
}};

inline constexpr std::array<std::uint8_t, 4572> stx_restore_8 = {{
  0x01, 0x00, 0x04, 0x06, 0x08, 0x01, 0x00, 0x00, 0x11, 0x01, 0x00, 0x00, 0xdc, 0x11, 0x00, 0x00,
  0x00, 0x00, 0x00, 0x00, 0x00, 0x00, 0x1b, 0x00, 0x07, 0x00, 0x00, 0x80, 0x00, 0x00, 0x00, 0x00,
  0x1c, 0x01, 0x1b, 0x00, 0x00, 0x00, 0x00, 0x80, 0x00, 0x00, 0x00, 0x00, 0x30, 0xf0, 0x03, 0x00,
  0x05, 0x00, 0x00, 0x80, 0x00, 0x00, 0x00, 0x00, 0x14, 0xf1, 0x03, 0x00, 0x00, 0x00, 0x00, 0x80,
  0x03, 0x00, 0x00, 0x00, 0x00, 0xf0, 0x01, 0x00, 0x00, 0x04, 0x00, 0x00, 0x00, 0x0c, 0x00, 0x00,
  0x00, 0x00, 0x00, 0x00, 0x24, 0x00, 0x1b, 0x00, 0x06, 0x00, 0x00, 0x80, 0x00, 0x00, 0x00, 0x00,
  0x18, 0x01, 0x1b, 0x00, 0x00, 0x00, 0x00, 0x80, 0x00, 0x00, 0x00, 0x00, 0x08, 0xf0, 0x03, 0x00,
  0x10, 0x00, 0x00, 0x80, 0x00, 0x00, 0x00, 0x00, 0x40, 0xf1, 0x03, 0x00, 0x00, 0x00, 0x00, 0x80,
  0x01, 0x00, 0x00, 0x00, 0x00, 0xd0, 0x01, 0x00, 0x2c, 0x00, 0x00, 0x00, 0x00, 0x00, 0x01, 0x00,
  0x00, 0x00, 0x00, 0x00, 0x00, 0x00, 0x00, 0x00, 0x00, 0x00, 0x00, 0x00, 0x00, 0x00, 0x00, 0xc0,
  0x00, 0x00, 0x00, 0x00, 0x00, 0x00, 0x00, 0x00, 0x00, 0x00, 0x00, 0x02, 0x01, 0x00, 0x00, 0x00,
  0x00, 0x00, 0x1a, 0x00, 0x2c, 0x00, 0x00, 0x00, 0x00, 0x00, 0x01, 0x00, 0x00, 0x00, 0x02, 0x00,
  0x00, 0x00, 0x00, 0x00, 0x00, 0x00, 0x00, 0x00, 0x00, 0x00, 0x00, 0x00, 0x00, 0x00, 0x00, 0x00,
  0x00, 0x00, 0x00, 0x00, 0x00, 0x00, 0x00, 0x80, 0x81, 0x00, 0x00, 0x00, 0x18, 0x00, 0x00, 0x00,
  0x04, 0xd0, 0x01, 0x00, 0x01, 0x00, 0x00, 0x00, 0x00, 0x00, 0x00, 0x00, 0x00, 0x00, 0x00, 0x00,
  0x00, 0x00, 0x00, 0x00, 0x14, 0xd2, 0x01, 0x00, 0x00, 0x00, 0x00, 0x00, 0x00, 0x00, 0x00, 0x00,
  0x00, 0x06, 0x1a, 0x00, 0x00, 0x09, 0x00, 0x00, 0x00, 0x00, 0x00, 0x00, 0x04, 0x06, 0x1a, 0x00,
  0x00, 0x00, 0x00, 0x80, 0x00, 0x00, 0x00, 0x00, 0x10, 0xd2, 0x01, 0x00, 0x01, 0x00, 0x00, 0x00,
  0x00, 0x00, 0x00, 0x00, 0x00, 0x06, 0x1a, 0x00, 0x01, 0x00, 0x00, 0x00, 0x00, 0x00, 0x00, 0x00,
  0x04, 0x00, 0x1b, 0x00, 0x08, 0x00, 0x00, 0x80, 0x00, 0x00, 0x00, 0x00, 0x20, 0x01, 0x1b, 0x00,
  0x00, 0x00, 0x00, 0x80, 0x00, 0x00, 0x00, 0x00, 0x34, 0xf0, 0x03, 0x00, 0x09, 0x00, 0x00, 0x80,
  0x00, 0x00, 0x00, 0x00, 0x24, 0xf1, 0x03, 0x00, 0x00, 0x00, 0x00, 0x80, 0x03, 0x00, 0x00, 0x00,
  0x00, 0xf0, 0x01, 0x00, 0x00, 0x40, 0x00, 0x00, 0x00, 0xc0, 0x00, 0x00, 0x00, 0x00, 0x00, 0x00,
  0x24, 0x00, 0x1b, 0x00, 0x06, 0x00, 0x00, 0x80, 0x00, 0x00, 0x00, 0x00, 0x18, 0x01, 0x1b, 0x00,
  0x00, 0x00, 0x00, 0x80, 0x00, 0x00, 0x00, 0x00, 0x08, 0xf0, 0x03, 0x00, 0x10, 0x00, 0x00, 0x80,
  0x00, 0x00, 0x00, 0x00, 0x40, 0xf1, 0x03, 0x00, 0x00, 0x00, 0x00, 0x80, 0x01, 0x00, 0x00, 0x00,
  0x20, 0xd0, 0x01, 0x00, 0x2c, 0x00, 0x00, 0x00, 0x00, 0x00, 0x01, 0x00, 0x00, 0x00, 0x04, 0x00,
  0x00, 0x00, 0x00, 0x00, 0x00, 0x00, 0x00, 0x00, 0x00, 0x00, 0x00, 0xc0, 0x00, 0x00, 0x00, 0x00,
  0x00, 0x00, 0x00, 0x00, 0x00, 0x00, 0x00, 0x02, 0x01, 0x00, 0x00, 0x00, 0x00, 0x03, 0x1a, 0x00,
  0x2c, 0x00, 0x00, 0x00, 0x00, 0x00, 0x01, 0x00, 0x00, 0x00, 0x03, 0x00, 0x00, 0x00, 0x00, 0x00,
  0x00, 0x00, 0x00, 0x00, 0x00, 0x00, 0x00, 0x00, 0x00, 0x00, 0x00, 0x00, 0x00, 0x00, 0x00, 0x00,
  0x00, 0x00, 0x00, 0x80, 0x81, 0x00, 0x00, 0x00, 0x18, 0x00, 0x00, 0x00, 0x24, 0xd0, 0x01, 0x00,
  0x01, 0x00, 0x00, 0x00, 0x00, 0x00, 0x04, 0x00, 0x00, 0x00, 0x00, 0x00, 0x00, 0x00, 0x00, 0x00,
  0x1c, 0xd2, 0x01, 0x00, 0x01, 0x00, 0x00, 0x00, 0x00, 0x00, 0x00, 0x00, 0x08, 0x06, 0x1a, 0x00,
  0x00, 0x09, 0x00, 0x00, 0x00, 0x00, 0x00, 0x00, 0x0c, 0x06, 0x1a, 0x00, 0x18, 0x00, 0x00, 0x80,
  0x00, 0x00, 0x00, 0x00, 0x18, 0xd2, 0x01, 0x00, 0x01, 0x00, 0x00, 0x00, 0x00, 0x00, 0x00, 0x00,
  0x08, 0x06, 0x1a, 0x00, 0x01, 0x00, 0x00, 0x00, 0x00, 0x00, 0x00, 0x00, 0x00, 0x00, 0x1b, 0x02,
  0x07, 0x00, 0x00, 0x80, 0x00, 0x00, 0x00, 0x00, 0x1c, 0x01, 0x1b, 0x02, 0x00, 0x00, 0x00, 0x80,
  0x00, 0x00, 0x00, 0x00, 0x30, 0xf0, 0x03, 0x02, 0x05, 0x00, 0x00, 0x80, 0x00, 0x00, 0x00, 0x00,
  0x14, 0xf1, 0x03, 0x02, 0x00, 0x00, 0x00, 0x80, 0x03, 0x00, 0x00, 0x00, 0x00, 0xf0, 0x01, 0x02,
  0x00, 0x04, 0x00, 0x00, 0x00, 0x0c, 0x00, 0x00, 0x00, 0x00, 0x00, 0x00, 0x24, 0x00, 0x1b, 0x02,
  0x06, 0x00, 0x00, 0x80, 0x00, 0x00, 0x00, 0x00, 0x18, 0x01, 0x1b, 0x02, 0x00, 0x00, 0x00, 0x80,
  0x00, 0x00, 0x00, 0x00, 0x08, 0xf0, 0x03, 0x02, 0x10, 0x00, 0x00, 0x80, 0x00, 0x00, 0x00, 0x00,
  0x40, 0xf1, 0x03, 0x02, 0x00, 0x00, 0x00, 0x80, 0x01, 0x00, 0x00, 0x00, 0x00, 0xd0, 0x01, 0x02,
  0x2c, 0x00, 0x00, 0x00, 0x00, 0x00, 0x01, 0x00, 0x00, 0x00, 0x08, 0x00, 0x00, 0x00, 0x00, 0x00,
  0x00, 0x00, 0x00, 0x00, 0x00, 0x00, 0x00, 0xc0, 0x00, 0x00, 0x00, 0x00, 0x00, 0x00, 0x00, 0x00,
  0x00, 0x00, 0x00, 0x02, 0x01, 0x00, 0x00, 0x00, 0x00, 0x00, 0x1a, 0x02, 0x2c, 0x00, 0x00, 0x00,
  0x00, 0x00, 0x01, 0x00, 0x00, 0x00, 0x02, 0x00, 0x00, 0x00, 0x00, 0x00, 0x00, 0x00, 0x00, 0x00,
  0x00, 0x00, 0x00, 0x00, 0x00, 0x00, 0x00, 0x00, 0x00, 0x00, 0x00, 0x00, 0x00, 0x00, 0x00, 0x80,
  0x81, 0x00, 0x00, 0x00, 0x18, 0x00, 0x00, 0x00, 0x04, 0xd0, 0x01, 0x02, 0x01, 0x00, 0x00, 0x00,
  0x00, 0x00, 0x08, 0x00, 0x00, 0x00, 0x00, 0x00, 0x00, 0x00, 0x00, 0x00, 0x14, 0xd2, 0x01, 0x02,
  0x00, 0x00, 0x00, 0x00, 0x00, 0x00, 0x00, 0x00, 0x00, 0x06, 0x1a, 0x02, 0x00, 0x09, 0x00, 0x00,
  0x00, 0x00, 0x00, 0x00, 0x04, 0x06, 0x1a, 0x02, 0x00, 0x00, 0x00, 0x80, 0x00, 0x00, 0x00, 0x00,
  0x10, 0xd2, 0x01, 0x02, 0x01, 0x00, 0x00, 0x00, 0x00, 0x00, 0x00, 0x00, 0x00, 0x06, 0x1a, 0x02,
  0x01, 0x00, 0x00, 0x00, 0x00, 0x00, 0x00, 0x00, 0x04, 0x00, 0x1b, 0x02, 0x08, 0x00, 0x00, 0x80,
  0x00, 0x00, 0x00, 0x00, 0x20, 0x01, 0x1b, 0x02, 0x00, 0x00, 0x00, 0x80, 0x00, 0x00, 0x00, 0x00,
  0x34, 0xf0, 0x03, 0x02, 0x09, 0x00, 0x00, 0x80, 0x00, 0x00, 0x00, 0x00, 0x24, 0xf1, 0x03, 0x02,
  0x00, 0x00, 0x00, 0x80, 0x03, 0x00, 0x00, 0x00, 0x00, 0xf0, 0x01, 0x02, 0x00, 0x40, 0x00, 0x00,
  0x00, 0xc0, 0x00, 0x00, 0x00, 0x00, 0x00, 0x00, 0x24, 0x00, 0x1b, 0x02, 0x06, 0x00, 0x00, 0x80,
  0x00, 0x00, 0x00, 0x00, 0x18, 0x01, 0x1b, 0x02, 0x00, 0x00, 0x00, 0x80, 0x00, 0x00, 0x00, 0x00,
  0x08, 0xf0, 0x03, 0x02, 0x10, 0x00, 0x00, 0x80, 0x00, 0x00, 0x00, 0x00, 0x40, 0xf1, 0x03, 0x02,
  0x00, 0x00, 0x00, 0x80, 0x01, 0x00, 0x00, 0x00, 0x20, 0xd0, 0x01, 0x02, 0x2c, 0x00, 0x00, 0x00,
  0x00, 0x00, 0x01, 0x00, 0x00, 0x00, 0x0c, 0x00, 0x00, 0x00, 0x00, 0x00, 0x00, 0x00, 0x00, 0x00,
  0x00, 0x00, 0x00, 0xc0, 0x00, 0x00, 0x00, 0x00, 0x00, 0x00, 0x00, 0x00, 0x00, 0x00, 0x00, 0x02,
  0x01, 0x00, 0x00, 0x00, 0x00, 0x03, 0x1a, 0x02, 0x2c, 0x00, 0x00, 0x00, 0x00, 0x00, 0x01, 0x00,
  0x00, 0x00, 0x03, 0x00, 0x00, 0x00, 0x00, 0x00, 0x00, 0x00, 0x00, 0x00, 0x00, 0x00, 0x00, 0x00,
  0x00, 0x00, 0x00, 0x00, 0x00, 0x00, 0x00, 0x00, 0x00, 0x00, 0x00, 0x80, 0x81, 0x00, 0x00, 0x00,
  0x18, 0x00, 0x00, 0x00, 0x24, 0xd0, 0x01, 0x02, 0x01, 0x00, 0x00, 0x00, 0x00, 0x00, 0x0c, 0x00,
  0x00, 0x00, 0x00, 0x00, 0x00, 0x00, 0x00, 0x00, 0x1c, 0xd2, 0x01, 0x02, 0x01, 0x00, 0x00, 0x00,
  0x00, 0x00, 0x00, 0x00, 0x08, 0x06, 0x1a, 0x02, 0x00, 0x09, 0x00, 0x00, 0x00, 0x00, 0x00, 0x00,
  0x0c, 0x06, 0x1a, 0x02, 0x18, 0x00, 0x00, 0x80, 0x00, 0x00, 0x00, 0x00, 0x18, 0xd2, 0x01, 0x02,
  0x01, 0x00, 0x00, 0x00, 0x00, 0x00, 0x00, 0x00, 0x08, 0x06, 0x1a, 0x02, 0x01, 0x00, 0x00, 0x00,
  0x00, 0x00, 0x00, 0x00, 0x00, 0x00, 0x1b, 0x04, 0x07, 0x00, 0x00, 0x80, 0x00, 0x00, 0x00, 0x00,
  0x1c, 0x01, 0x1b, 0x04, 0x00, 0x00, 0x00, 0x80, 0x00, 0x00, 0x00, 0x00, 0x30, 0xf0, 0x03, 0x04,
  0x05, 0x00, 0x00, 0x80, 0x00, 0x00, 0x00, 0x00, 0x14, 0xf1, 0x03, 0x04, 0x00, 0x00, 0x00, 0x80,
  0x03, 0x00, 0x00, 0x00, 0x00, 0xf0, 0x01, 0x04, 0x00, 0x04, 0x00, 0x00, 0x00, 0x0c, 0x00, 0x00,
  0x00, 0x00, 0x00, 0x00, 0x24, 0x00, 0x1b, 0x04, 0x06, 0x00, 0x00, 0x80, 0x00, 0x00, 0x00, 0x00,
  0x18, 0x01, 0x1b, 0x04, 0x00, 0x00, 0x00, 0x80, 0x00, 0x00, 0x00, 0x00, 0x08, 0xf0, 0x03, 0x04,
  0x10, 0x00, 0x00, 0x80, 0x00, 0x00, 0x00, 0x00, 0x40, 0xf1, 0x03, 0x04, 0x00, 0x00, 0x00, 0x80,
  0x01, 0x00, 0x00, 0x00, 0x00, 0xd0, 0x01, 0x04, 0x2c, 0x00, 0x00, 0x00, 0x00, 0x00, 0x01, 0x00,
  0x00, 0x00, 0x10, 0x00, 0x00, 0x00, 0x00, 0x00, 0x00, 0x00, 0x00, 0x00, 0x00, 0x00, 0x00, 0xc0,
  0x00, 0x00, 0x00, 0x00, 0x00, 0x00, 0x00, 0x00, 0x00, 0x00, 0x00, 0x02, 0x01, 0x00, 0x00, 0x00,
  0x00, 0x00, 0x1a, 0x04, 0x2c, 0x00, 0x00, 0x00, 0x00, 0x00, 0x01, 0x00, 0x00, 0x00, 0x02, 0x00,
  0x00, 0x00, 0x00, 0x00, 0x00, 0x00, 0x00, 0x00, 0x00, 0x00, 0x00, 0x00, 0x00, 0x00, 0x00, 0x00,
  0x00, 0x00, 0x00, 0x00, 0x00, 0x00, 0x00, 0x80, 0x81, 0x00, 0x00, 0x00, 0x18, 0x00, 0x00, 0x00,
  0x04, 0xd0, 0x01, 0x04, 0x01, 0x00, 0x00, 0x00, 0x00, 0x00, 0x10, 0x00, 0x00, 0x00, 0x00, 0x00,
  0x00, 0x00, 0x00, 0x00, 0x14, 0xd2, 0x01, 0x04, 0x00, 0x00, 0x00, 0x00, 0x00, 0x00, 0x00, 0x00,
  0x00, 0x06, 0x1a, 0x04, 0x00, 0x09, 0x00, 0x00, 0x00, 0x00, 0x00, 0x00, 0x04, 0x06, 0x1a, 0x04,
  0x00, 0x00, 0x00, 0x80, 0x00, 0x00, 0x00, 0x00, 0x10, 0xd2, 0x01, 0x04, 0x01, 0x00, 0x00, 0x00,
  0x00, 0x00, 0x00, 0x00, 0x00, 0x06, 0x1a, 0x04, 0x01, 0x00, 0x00, 0x00, 0x00, 0x00, 0x00, 0x00,
  0x04, 0x00, 0x1b, 0x04, 0x08, 0x00, 0x00, 0x80, 0x00, 0x00, 0x00, 0x00, 0x20, 0x01, 0x1b, 0x04,
  0x00, 0x00, 0x00, 0x80, 0x00, 0x00, 0x00, 0x00, 0x34, 0xf0, 0x03, 0x04, 0x09, 0x00, 0x00, 0x80,
  0x00, 0x00, 0x00, 0x00, 0x24, 0xf1, 0x03, 0x04, 0x00, 0x00, 0x00, 0x80, 0x03, 0x00, 0x00, 0x00,
  0x00, 0xf0, 0x01, 0x04, 0x00, 0x40, 0x00, 0x00, 0x00, 0xc0, 0x00, 0x00, 0x00, 0x00, 0x00, 0x00,
  0x24, 0x00, 0x1b, 0x04, 0x06, 0x00, 0x00, 0x80, 0x00, 0x00, 0x00, 0x00, 0x18, 0x01, 0x1b, 0x04,
  0x00, 0x00, 0x00, 0x80, 0x00, 0x00, 0x00, 0x00, 0x08, 0xf0, 0x03, 0x04, 0x10, 0x00, 0x00, 0x80,
  0x00, 0x00, 0x00, 0x00, 0x40, 0xf1, 0x03, 0x04, 0x00, 0x00, 0x00, 0x80, 0x01, 0x00, 0x00, 0x00,
  0x20, 0xd0, 0x01, 0x04, 0x2c, 0x00, 0x00, 0x00, 0x00, 0x00, 0x01, 0x00, 0x00, 0x00, 0x14, 0x00,
  0x00, 0x00, 0x00, 0x00, 0x00, 0x00, 0x00, 0x00, 0x00, 0x00, 0x00, 0xc0, 0x00, 0x00, 0x00, 0x00,
  0x00, 0x00, 0x00, 0x00, 0x00, 0x00, 0x00, 0x02, 0x01, 0x00, 0x00, 0x00, 0x00, 0x03, 0x1a, 0x04,
  0x2c, 0x00, 0x00, 0x00, 0x00, 0x00, 0x01, 0x00, 0x00, 0x00, 0x03, 0x00, 0x00, 0x00, 0x00, 0x00,
  0x00, 0x00, 0x00, 0x00, 0x00, 0x00, 0x00, 0x00, 0x00, 0x00, 0x00, 0x00, 0x00, 0x00, 0x00, 0x00,
  0x00, 0x00, 0x00, 0x80, 0x81, 0x00, 0x00, 0x00, 0x18, 0x00, 0x00, 0x00, 0x24, 0xd0, 0x01, 0x04,
  0x01, 0x00, 0x00, 0x00, 0x00, 0x00, 0x14, 0x00, 0x00, 0x00, 0x00, 0x00, 0x00, 0x00, 0x00, 0x00,
  0x1c, 0xd2, 0x01, 0x04, 0x01, 0x00, 0x00, 0x00, 0x00, 0x00, 0x00, 0x00, 0x08, 0x06, 0x1a, 0x04,
  0x00, 0x09, 0x00, 0x00, 0x00, 0x00, 0x00, 0x00, 0x0c, 0x06, 0x1a, 0x04, 0x18, 0x00, 0x00, 0x80,
  0x00, 0x00, 0x00, 0x00, 0x18, 0xd2, 0x01, 0x04, 0x01, 0x00, 0x00, 0x00, 0x00, 0x00, 0x00, 0x00,
  0x08, 0x06, 0x1a, 0x04, 0x01, 0x00, 0x00, 0x00, 0x00, 0x00, 0x00, 0x00, 0x00, 0x00, 0x1b, 0x06,
  0x07, 0x00, 0x00, 0x80, 0x00, 0x00, 0x00, 0x00, 0x1c, 0x01, 0x1b, 0x06, 0x00, 0x00, 0x00, 0x80,
  0x00, 0x00, 0x00, 0x00, 0x30, 0xf0, 0x03, 0x06, 0x05, 0x00, 0x00, 0x80, 0x00, 0x00, 0x00, 0x00,
  0x14, 0xf1, 0x03, 0x06, 0x00, 0x00, 0x00, 0x80, 0x03, 0x00, 0x00, 0x00, 0x00, 0xf0, 0x01, 0x06,
  0x00, 0x04, 0x00, 0x00, 0x00, 0x0c, 0x00, 0x00, 0x00, 0x00, 0x00, 0x00, 0x24, 0x00, 0x1b, 0x06,
  0x06, 0x00, 0x00, 0x80, 0x00, 0x00, 0x00, 0x00, 0x18, 0x01, 0x1b, 0x06, 0x00, 0x00, 0x00, 0x80,
  0x00, 0x00, 0x00, 0x00, 0x08, 0xf0, 0x03, 0x06, 0x10, 0x00, 0x00, 0x80, 0x00, 0x00, 0x00, 0x00,
  0x40, 0xf1, 0x03, 0x06, 0x00, 0x00, 0x00, 0x80, 0x01, 0x00, 0x00, 0x00, 0x00, 0xd0, 0x01, 0x06,
  0x2c, 0x00, 0x00, 0x00, 0x00, 0x00, 0x01, 0x00, 0x00, 0x00, 0x18, 0x00, 0x00, 0x00, 0x00, 0x00,
  0x00, 0x00, 0x00, 0x00, 0x00, 0x00, 0x00, 0xc0, 0x00, 0x00, 0x00, 0x00, 0x00, 0x00, 0x00, 0x00,
  0x00, 0x00, 0x00, 0x02, 0x01, 0x00, 0x00, 0x00, 0x00, 0x00, 0x1a, 0x06, 0x2c, 0x00, 0x00, 0x00,
  0x00, 0x00, 0x01, 0x00, 0x00, 0x00, 0x02, 0x00, 0x00, 0x00, 0x00, 0x00, 0x00, 0x00, 0x00, 0x00,
  0x00, 0x00, 0x00, 0x00, 0x00, 0x00, 0x00, 0x00, 0x00, 0x00, 0x00, 0x00, 0x00, 0x00, 0x00, 0x80,
  0x81, 0x00, 0x00, 0x00, 0x18, 0x00, 0x00, 0x00, 0x04, 0xd0, 0x01, 0x06, 0x01, 0x00, 0x00, 0x00,
  0x00, 0x00, 0x18, 0x00, 0x00, 0x00, 0x00, 0x00, 0x00, 0x00, 0x00, 0x00, 0x14, 0xd2, 0x01, 0x06,
  0x00, 0x00, 0x00, 0x00, 0x00, 0x00, 0x00, 0x00, 0x00, 0x06, 0x1a, 0x06, 0x00, 0x09, 0x00, 0x00,
  0x00, 0x00, 0x00, 0x00, 0x04, 0x06, 0x1a, 0x06, 0x00, 0x00, 0x00, 0x80, 0x00, 0x00, 0x00, 0x00,
  0x10, 0xd2, 0x01, 0x06, 0x01, 0x00, 0x00, 0x00, 0x00, 0x00, 0x00, 0x00, 0x00, 0x06, 0x1a, 0x06,
  0x01, 0x00, 0x00, 0x00, 0x00, 0x00, 0x00, 0x00, 0x04, 0x00, 0x1b, 0x06, 0x08, 0x00, 0x00, 0x80,
  0x00, 0x00, 0x00, 0x00, 0x20, 0x01, 0x1b, 0x06, 0x00, 0x00, 0x00, 0x80, 0x00, 0x00, 0x00, 0x00,
  0x34, 0xf0, 0x03, 0x06, 0x09, 0x00, 0x00, 0x80, 0x00, 0x00, 0x00, 0x00, 0x24, 0xf1, 0x03, 0x06,
  0x00, 0x00, 0x00, 0x80, 0x03, 0x00, 0x00, 0x00, 0x00, 0xf0, 0x01, 0x06, 0x00, 0x40, 0x00, 0x00,
  0x00, 0xc0, 0x00, 0x00, 0x00, 0x00, 0x00, 0x00, 0x24, 0x00, 0x1b, 0x06, 0x06, 0x00, 0x00, 0x80,
  0x00, 0x00, 0x00, 0x00, 0x18, 0x01, 0x1b, 0x06, 0x00, 0x00, 0x00, 0x80, 0x00, 0x00, 0x00, 0x00,
  0x08, 0xf0, 0x03, 0x06, 0x10, 0x00, 0x00, 0x80, 0x00, 0x00, 0x00, 0x00, 0x40, 0xf1, 0x03, 0x06,
  0x00, 0x00, 0x00, 0x80, 0x01, 0x00, 0x00, 0x00, 0x20, 0xd0, 0x01, 0x06, 0x2c, 0x00, 0x00, 0x00,
  0x00, 0x00, 0x01, 0x00, 0x00, 0x00, 0x1c, 0x00, 0x00, 0x00, 0x00, 0x00, 0x00, 0x00, 0x00, 0x00,
  0x00, 0x00, 0x00, 0xc0, 0x00, 0x00, 0x00, 0x00, 0x00, 0x00, 0x00, 0x00, 0x00, 0x00, 0x00, 0x02,
  0x01, 0x00, 0x00, 0x00, 0x00, 0x03, 0x1a, 0x06, 0x2c, 0x00, 0x00, 0x00, 0x00, 0x00, 0x01, 0x00,
  0x00, 0x00, 0x03, 0x00, 0x00, 0x00, 0x00, 0x00, 0x00, 0x00, 0x00, 0x00, 0x00, 0x00, 0x00, 0x00,
  0x00, 0x00, 0x00, 0x00, 0x00, 0x00, 0x00, 0x00, 0x00, 0x00, 0x00, 0x80, 0x81, 0x00, 0x00, 0x00,
  0x18, 0x00, 0x00, 0x00, 0x24, 0xd0, 0x01, 0x06, 0x01, 0x00, 0x00, 0x00, 0x00, 0x00, 0x1c, 0x00,
  0x00, 0x00, 0x00, 0x00, 0x00, 0x00, 0x00, 0x00, 0x1c, 0xd2, 0x01, 0x06, 0x01, 0x00, 0x00, 0x00,
  0x00, 0x00, 0x00, 0x00, 0x08, 0x06, 0x1a, 0x06, 0x00, 0x09, 0x00, 0x00, 0x00, 0x00, 0x00, 0x00,
  0x0c, 0x06, 0x1a, 0x06, 0x18, 0x00, 0x00, 0x80, 0x00, 0x00, 0x00, 0x00, 0x18, 0xd2, 0x01, 0x06,
  0x01, 0x00, 0x00, 0x00, 0x00, 0x00, 0x00, 0x00, 0x08, 0x06, 0x1a, 0x06, 0x01, 0x00, 0x00, 0x00,
  0x00, 0x00, 0x00, 0x00, 0x00, 0x00, 0x1b, 0x08, 0x07, 0x00, 0x00, 0x80, 0x00, 0x00, 0x00, 0x00,
  0x1c, 0x01, 0x1b, 0x08, 0x00, 0x00, 0x00, 0x80, 0x00, 0x00, 0x00, 0x00, 0x30, 0xf0, 0x03, 0x08,
  0x05, 0x00, 0x00, 0x80, 0x00, 0x00, 0x00, 0x00, 0x14, 0xf1, 0x03, 0x08, 0x00, 0x00, 0x00, 0x80,
  0x03, 0x00, 0x00, 0x00, 0x00, 0xf0, 0x01, 0x08, 0x00, 0x04, 0x00, 0x00, 0x00, 0x0c, 0x00, 0x00,
  0x00, 0x00, 0x00, 0x00, 0x24, 0x00, 0x1b, 0x08, 0x06, 0x00, 0x00, 0x80, 0x00, 0x00, 0x00, 0x00,
  0x18, 0x01, 0x1b, 0x08, 0x00, 0x00, 0x00, 0x80, 0x00, 0x00, 0x00, 0x00, 0x08, 0xf0, 0x03, 0x08,
  0x10, 0x00, 0x00, 0x80, 0x00, 0x00, 0x00, 0x00, 0x40, 0xf1, 0x03, 0x08, 0x00, 0x00, 0x00, 0x80,
  0x01, 0x00, 0x00, 0x00, 0x00, 0xd0, 0x01, 0x08, 0x2c, 0x00, 0x00, 0x00, 0x00, 0x00, 0x01, 0x00,
  0x00, 0x00, 0x20, 0x00, 0x00, 0x00, 0x00, 0x00, 0x00, 0x00, 0x00, 0x00, 0x00, 0x00, 0x00, 0xc0,
  0x00, 0x00, 0x00, 0x00, 0x00, 0x00, 0x00, 0x00, 0x00, 0x00, 0x00, 0x02, 0x01, 0x00, 0x00, 0x00,
  0x00, 0x00, 0x1a, 0x08, 0x2c, 0x00, 0x00, 0x00, 0x00, 0x00, 0x01, 0x00, 0x00, 0x00, 0x02, 0x00,
  0x00, 0x00, 0x00, 0x00, 0x00, 0x00, 0x00, 0x00, 0x00, 0x00, 0x00, 0x00, 0x00, 0x00, 0x00, 0x00,
  0x00, 0x00, 0x00, 0x00, 0x00, 0x00, 0x00, 0x80, 0x81, 0x00, 0x00, 0x00, 0x18, 0x00, 0x00, 0x00,
  0x04, 0xd0, 0x01, 0x08, 0x01, 0x00, 0x00, 0x00, 0x00, 0x00, 0x20, 0x00, 0x00, 0x00, 0x00, 0x00,
  0x00, 0x00, 0x00, 0x00, 0x14, 0xd2, 0x01, 0x08, 0x00, 0x00, 0x00, 0x00, 0x00, 0x00, 0x00, 0x00,
  0x00, 0x06, 0x1a, 0x08, 0x00, 0x09, 0x00, 0x00, 0x00, 0x00, 0x00, 0x00, 0x04, 0x06, 0x1a, 0x08,
  0x00, 0x00, 0x00, 0x80, 0x00, 0x00, 0x00, 0x00, 0x10, 0xd2, 0x01, 0x08, 0x01, 0x00, 0x00, 0x00,
  0x00, 0x00, 0x00, 0x00, 0x00, 0x06, 0x1a, 0x08, 0x01, 0x00, 0x00, 0x00, 0x00, 0x00, 0x00, 0x00,
  0x04, 0x00, 0x1b, 0x08, 0x08, 0x00, 0x00, 0x80, 0x00, 0x00, 0x00, 0x00, 0x20, 0x01, 0x1b, 0x08,
  0x00, 0x00, 0x00, 0x80, 0x00, 0x00, 0x00, 0x00, 0x34, 0xf0, 0x03, 0x08, 0x09, 0x00, 0x00, 0x80,
  0x00, 0x00, 0x00, 0x00, 0x24, 0xf1, 0x03, 0x08, 0x00, 0x00, 0x00, 0x80, 0x03, 0x00, 0x00, 0x00,
  0x00, 0xf0, 0x01, 0x08, 0x00, 0x40, 0x00, 0x00, 0x00, 0xc0, 0x00, 0x00, 0x00, 0x00, 0x00, 0x00,
  0x24, 0x00, 0x1b, 0x08, 0x06, 0x00, 0x00, 0x80, 0x00, 0x00, 0x00, 0x00, 0x18, 0x01, 0x1b, 0x08,
  0x00, 0x00, 0x00, 0x80, 0x00, 0x00, 0x00, 0x00, 0x08, 0xf0, 0x03, 0x08, 0x10, 0x00, 0x00, 0x80,
  0x00, 0x00, 0x00, 0x00, 0x40, 0xf1, 0x03, 0x08, 0x00, 0x00, 0x00, 0x80, 0x01, 0x00, 0x00, 0x00,
  0x20, 0xd0, 0x01, 0x08, 0x2c, 0x00, 0x00, 0x00, 0x00, 0x00, 0x01, 0x00, 0x00, 0x00, 0x24, 0x00,
  0x00, 0x00, 0x00, 0x00, 0x00, 0x00, 0x00, 0x00, 0x00, 0x00, 0x00, 0xc0, 0x00, 0x00, 0x00, 0x00,
  0x00, 0x00, 0x00, 0x00, 0x00, 0x00, 0x00, 0x02, 0x01, 0x00, 0x00, 0x00, 0x00, 0x03, 0x1a, 0x08,
  0x2c, 0x00, 0x00, 0x00, 0x00, 0x00, 0x01, 0x00, 0x00, 0x00, 0x03, 0x00, 0x00, 0x00, 0x00, 0x00,
  0x00, 0x00, 0x00, 0x00, 0x00, 0x00, 0x00, 0x00, 0x00, 0x00, 0x00, 0x00, 0x00, 0x00, 0x00, 0x00,
  0x00, 0x00, 0x00, 0x80, 0x81, 0x00, 0x00, 0x00, 0x18, 0x00, 0x00, 0x00, 0x24, 0xd0, 0x01, 0x08,
  0x01, 0x00, 0x00, 0x00, 0x00, 0x00, 0x24, 0x00, 0x00, 0x00, 0x00, 0x00, 0x00, 0x00, 0x00, 0x00,
  0x1c, 0xd2, 0x01, 0x08, 0x01, 0x00, 0x00, 0x00, 0x00, 0x00, 0x00, 0x00, 0x08, 0x06, 0x1a, 0x08,
  0x00, 0x09, 0x00, 0x00, 0x00, 0x00, 0x00, 0x00, 0x0c, 0x06, 0x1a, 0x08, 0x18, 0x00, 0x00, 0x80,
  0x00, 0x00, 0x00, 0x00, 0x18, 0xd2, 0x01, 0x08, 0x01, 0x00, 0x00, 0x00, 0x00, 0x00, 0x00, 0x00,
  0x08, 0x06, 0x1a, 0x08, 0x01, 0x00, 0x00, 0x00, 0x00, 0x00, 0x00, 0x00, 0x00, 0x00, 0x1b, 0x0a,
  0x07, 0x00, 0x00, 0x80, 0x00, 0x00, 0x00, 0x00, 0x1c, 0x01, 0x1b, 0x0a, 0x00, 0x00, 0x00, 0x80,
  0x00, 0x00, 0x00, 0x00, 0x30, 0xf0, 0x03, 0x0a, 0x05, 0x00, 0x00, 0x80, 0x00, 0x00, 0x00, 0x00,
  0x14, 0xf1, 0x03, 0x0a, 0x00, 0x00, 0x00, 0x80, 0x03, 0x00, 0x00, 0x00, 0x00, 0xf0, 0x01, 0x0a,
  0x00, 0x04, 0x00, 0x00, 0x00, 0x0c, 0x00, 0x00, 0x00, 0x00, 0x00, 0x00, 0x24, 0x00, 0x1b, 0x0a,
  0x06, 0x00, 0x00, 0x80, 0x00, 0x00, 0x00, 0x00, 0x18, 0x01, 0x1b, 0x0a, 0x00, 0x00, 0x00, 0x80,
  0x00, 0x00, 0x00, 0x00, 0x08, 0xf0, 0x03, 0x0a, 0x10, 0x00, 0x00, 0x80, 0x00, 0x00, 0x00, 0x00,
  0x40, 0xf1, 0x03, 0x0a, 0x00, 0x00, 0x00, 0x80, 0x01, 0x00, 0x00, 0x00, 0x00, 0xd0, 0x01, 0x0a,
  0x2c, 0x00, 0x00, 0x00, 0x00, 0x00, 0x01, 0x00, 0x00, 0x00, 0x28, 0x00, 0x00, 0x00, 0x00, 0x00,
  0x00, 0x00, 0x00, 0x00, 0x00, 0x00, 0x00, 0xc0, 0x00, 0x00, 0x00, 0x00, 0x00, 0x00, 0x00, 0x00,
  0x00, 0x00, 0x00, 0x02, 0x01, 0x00, 0x00, 0x00, 0x00, 0x00, 0x1a, 0x0a, 0x2c, 0x00, 0x00, 0x00,
  0x00, 0x00, 0x01, 0x00, 0x00, 0x00, 0x02, 0x00, 0x00, 0x00, 0x00, 0x00, 0x00, 0x00, 0x00, 0x00,
  0x00, 0x00, 0x00, 0x00, 0x00, 0x00, 0x00, 0x00, 0x00, 0x00, 0x00, 0x00, 0x00, 0x00, 0x00, 0x80,
  0x81, 0x00, 0x00, 0x00, 0x18, 0x00, 0x00, 0x00, 0x04, 0xd0, 0x01, 0x0a, 0x01, 0x00, 0x00, 0x00,
  0x00, 0x00, 0x28, 0x00, 0x00, 0x00, 0x00, 0x00, 0x00, 0x00, 0x00, 0x00, 0x14, 0xd2, 0x01, 0x0a,
  0x00, 0x00, 0x00, 0x00, 0x00, 0x00, 0x00, 0x00, 0x00, 0x06, 0x1a, 0x0a, 0x00, 0x09, 0x00, 0x00,
  0x00, 0x00, 0x00, 0x00, 0x04, 0x06, 0x1a, 0x0a, 0x00, 0x00, 0x00, 0x80, 0x00, 0x00, 0x00, 0x00,
  0x10, 0xd2, 0x01, 0x0a, 0x01, 0x00, 0x00, 0x00, 0x00, 0x00, 0x00, 0x00, 0x00, 0x06, 0x1a, 0x0a,
  0x01, 0x00, 0x00, 0x00, 0x00, 0x00, 0x00, 0x00, 0x04, 0x00, 0x1b, 0x0a, 0x08, 0x00, 0x00, 0x80,
  0x00, 0x00, 0x00, 0x00, 0x20, 0x01, 0x1b, 0x0a, 0x00, 0x00, 0x00, 0x80, 0x00, 0x00, 0x00, 0x00,
  0x34, 0xf0, 0x03, 0x0a, 0x09, 0x00, 0x00, 0x80, 0x00, 0x00, 0x00, 0x00, 0x24, 0xf1, 0x03, 0x0a,
  0x00, 0x00, 0x00, 0x80, 0x03, 0x00, 0x00, 0x00, 0x00, 0xf0, 0x01, 0x0a, 0x00, 0x40, 0x00, 0x00,
  0x00, 0xc0, 0x00, 0x00, 0x00, 0x00, 0x00, 0x00, 0x24, 0x00, 0x1b, 0x0a, 0x06, 0x00, 0x00, 0x80,
  0x00, 0x00, 0x00, 0x00, 0x18, 0x01, 0x1b, 0x0a, 0x00, 0x00, 0x00, 0x80, 0x00, 0x00, 0x00, 0x00,
  0x08, 0xf0, 0x03, 0x0a, 0x10, 0x00, 0x00, 0x80, 0x00, 0x00, 0x00, 0x00, 0x40, 0xf1, 0x03, 0x0a,
  0x00, 0x00, 0x00, 0x80, 0x01, 0x00, 0x00, 0x00, 0x20, 0xd0, 0x01, 0x0a, 0x2c, 0x00, 0x00, 0x00,
  0x00, 0x00, 0x01, 0x00, 0x00, 0x00, 0x2c, 0x00, 0x00, 0x00, 0x00, 0x00, 0x00, 0x00, 0x00, 0x00,
  0x00, 0x00, 0x00, 0xc0, 0x00, 0x00, 0x00, 0x00, 0x00, 0x00, 0x00, 0x00, 0x00, 0x00, 0x00, 0x02,
  0x01, 0x00, 0x00, 0x00, 0x00, 0x03, 0x1a, 0x0a, 0x2c, 0x00, 0x00, 0x00, 0x00, 0x00, 0x01, 0x00,
  0x00, 0x00, 0x03, 0x00, 0x00, 0x00, 0x00, 0x00, 0x00, 0x00, 0x00, 0x00, 0x00, 0x00, 0x00, 0x00,
  0x00, 0x00, 0x00, 0x00, 0x00, 0x00, 0x00, 0x00, 0x00, 0x00, 0x00, 0x80, 0x81, 0x00, 0x00, 0x00,
  0x18, 0x00, 0x00, 0x00, 0x24, 0xd0, 0x01, 0x0a, 0x01, 0x00, 0x00, 0x00, 0x00, 0x00, 0x2c, 0x00,
  0x00, 0x00, 0x00, 0x00, 0x00, 0x00, 0x00, 0x00, 0x1c, 0xd2, 0x01, 0x0a, 0x01, 0x00, 0x00, 0x00,
  0x00, 0x00, 0x00, 0x00, 0x08, 0x06, 0x1a, 0x0a, 0x00, 0x09, 0x00, 0x00, 0x00, 0x00, 0x00, 0x00,
  0x0c, 0x06, 0x1a, 0x0a, 0x18, 0x00, 0x00, 0x80, 0x00, 0x00, 0x00, 0x00, 0x18, 0xd2, 0x01, 0x0a,
  0x01, 0x00, 0x00, 0x00, 0x00, 0x00, 0x00, 0x00, 0x08, 0x06, 0x1a, 0x0a, 0x01, 0x00, 0x00, 0x00,
  0x00, 0x00, 0x00, 0x00, 0x00, 0x00, 0x1b, 0x0c, 0x07, 0x00, 0x00, 0x80, 0x00, 0x00, 0x00, 0x00,
  0x1c, 0x01, 0x1b, 0x0c, 0x00, 0x00, 0x00, 0x80, 0x00, 0x00, 0x00, 0x00, 0x30, 0xf0, 0x03, 0x0c,
  0x05, 0x00, 0x00, 0x80, 0x00, 0x00, 0x00, 0x00, 0x14, 0xf1, 0x03, 0x0c, 0x00, 0x00, 0x00, 0x80,
  0x03, 0x00, 0x00, 0x00, 0x00, 0xf0, 0x01, 0x0c, 0x00, 0x04, 0x00, 0x00, 0x00, 0x0c, 0x00, 0x00,
  0x00, 0x00, 0x00, 0x00, 0x24, 0x00, 0x1b, 0x0c, 0x06, 0x00, 0x00, 0x80, 0x00, 0x00, 0x00, 0x00,
  0x18, 0x01, 0x1b, 0x0c, 0x00, 0x00, 0x00, 0x80, 0x00, 0x00, 0x00, 0x00, 0x08, 0xf0, 0x03, 0x0c,
  0x10, 0x00, 0x00, 0x80, 0x00, 0x00, 0x00, 0x00, 0x40, 0xf1, 0x03, 0x0c, 0x00, 0x00, 0x00, 0x80,
  0x01, 0x00, 0x00, 0x00, 0x00, 0xd0, 0x01, 0x0c, 0x2c, 0x00, 0x00, 0x00, 0x00, 0x00, 0x01, 0x00,
  0x00, 0x00, 0x30, 0x00, 0x00, 0x00, 0x00, 0x00, 0x00, 0x00, 0x00, 0x00, 0x00, 0x00, 0x00, 0xc0,
  0x00, 0x00, 0x00, 0x00, 0x00, 0x00, 0x00, 0x00, 0x00, 0x00, 0x00, 0x02, 0x01, 0x00, 0x00, 0x00,
  0x00, 0x00, 0x1a, 0x0c, 0x2c, 0x00, 0x00, 0x00, 0x00, 0x00, 0x01, 0x00, 0x00, 0x00, 0x02, 0x00,
  0x00, 0x00, 0x00, 0x00, 0x00, 0x00, 0x00, 0x00, 0x00, 0x00, 0x00, 0x00, 0x00, 0x00, 0x00, 0x00,
  0x00, 0x00, 0x00, 0x00, 0x00, 0x00, 0x00, 0x80, 0x81, 0x00, 0x00, 0x00, 0x18, 0x00, 0x00, 0x00,
  0x04, 0xd0, 0x01, 0x0c, 0x01, 0x00, 0x00, 0x00, 0x00, 0x00, 0x30, 0x00, 0x00, 0x00, 0x00, 0x00,
  0x00, 0x00, 0x00, 0x00, 0x14, 0xd2, 0x01, 0x0c, 0x00, 0x00, 0x00, 0x00, 0x00, 0x00, 0x00, 0x00,
  0x00, 0x06, 0x1a, 0x0c, 0x00, 0x09, 0x00, 0x00, 0x00, 0x00, 0x00, 0x00, 0x04, 0x06, 0x1a, 0x0c,
  0x00, 0x00, 0x00, 0x80, 0x00, 0x00, 0x00, 0x00, 0x10, 0xd2, 0x01, 0x0c, 0x01, 0x00, 0x00, 0x00,
  0x00, 0x00, 0x00, 0x00, 0x00, 0x06, 0x1a, 0x0c, 0x01, 0x00, 0x00, 0x00, 0x00, 0x00, 0x00, 0x00,
  0x04, 0x00, 0x1b, 0x0c, 0x08, 0x00, 0x00, 0x80, 0x00, 0x00, 0x00, 0x00, 0x20, 0x01, 0x1b, 0x0c,
  0x00, 0x00, 0x00, 0x80, 0x00, 0x00, 0x00, 0x00, 0x34, 0xf0, 0x03, 0x0c, 0x09, 0x00, 0x00, 0x80,
  0x00, 0x00, 0x00, 0x00, 0x24, 0xf1, 0x03, 0x0c, 0x00, 0x00, 0x00, 0x80, 0x03, 0x00, 0x00, 0x00,
  0x00, 0xf0, 0x01, 0x0c, 0x00, 0x40, 0x00, 0x00, 0x00, 0xc0, 0x00, 0x00, 0x00, 0x00, 0x00, 0x00,
  0x24, 0x00, 0x1b, 0x0c, 0x06, 0x00, 0x00, 0x80, 0x00, 0x00, 0x00, 0x00, 0x18, 0x01, 0x1b, 0x0c,
  0x00, 0x00, 0x00, 0x80, 0x00, 0x00, 0x00, 0x00, 0x08, 0xf0, 0x03, 0x0c, 0x10, 0x00, 0x00, 0x80,
  0x00, 0x00, 0x00, 0x00, 0x40, 0xf1, 0x03, 0x0c, 0x00, 0x00, 0x00, 0x80, 0x01, 0x00, 0x00, 0x00,
  0x20, 0xd0, 0x01, 0x0c, 0x2c, 0x00, 0x00, 0x00, 0x00, 0x00, 0x01, 0x00, 0x00, 0x00, 0x34, 0x00,
  0x00, 0x00, 0x00, 0x00, 0x00, 0x00, 0x00, 0x00, 0x00, 0x00, 0x00, 0xc0, 0x00, 0x00, 0x00, 0x00,
  0x00, 0x00, 0x00, 0x00, 0x00, 0x00, 0x00, 0x02, 0x01, 0x00, 0x00, 0x00, 0x00, 0x03, 0x1a, 0x0c,
  0x2c, 0x00, 0x00, 0x00, 0x00, 0x00, 0x01, 0x00, 0x00, 0x00, 0x03, 0x00, 0x00, 0x00, 0x00, 0x00,
  0x00, 0x00, 0x00, 0x00, 0x00, 0x00, 0x00, 0x00, 0x00, 0x00, 0x00, 0x00, 0x00, 0x00, 0x00, 0x00,
  0x00, 0x00, 0x00, 0x80, 0x81, 0x00, 0x00, 0x00, 0x18, 0x00, 0x00, 0x00, 0x24, 0xd0, 0x01, 0x0c,
  0x01, 0x00, 0x00, 0x00, 0x00, 0x00, 0x34, 0x00, 0x00, 0x00, 0x00, 0x00, 0x00, 0x00, 0x00, 0x00,
  0x1c, 0xd2, 0x01, 0x0c, 0x01, 0x00, 0x00, 0x00, 0x00, 0x00, 0x00, 0x00, 0x08, 0x06, 0x1a, 0x0c,
  0x00, 0x09, 0x00, 0x00, 0x00, 0x00, 0x00, 0x00, 0x0c, 0x06, 0x1a, 0x0c, 0x18, 0x00, 0x00, 0x80,
  0x00, 0x00, 0x00, 0x00, 0x18, 0xd2, 0x01, 0x0c, 0x01, 0x00, 0x00, 0x00, 0x00, 0x00, 0x00, 0x00,
  0x08, 0x06, 0x1a, 0x0c, 0x01, 0x00, 0x00, 0x00, 0x00, 0x00, 0x00, 0x00, 0x00, 0x00, 0x1b, 0x0e,
  0x07, 0x00, 0x00, 0x80, 0x00, 0x00, 0x00, 0x00, 0x1c, 0x01, 0x1b, 0x0e, 0x00, 0x00, 0x00, 0x80,
  0x00, 0x00, 0x00, 0x00, 0x30, 0xf0, 0x03, 0x0e, 0x05, 0x00, 0x00, 0x80, 0x00, 0x00, 0x00, 0x00,
  0x14, 0xf1, 0x03, 0x0e, 0x00, 0x00, 0x00, 0x80, 0x03, 0x00, 0x00, 0x00, 0x00, 0xf0, 0x01, 0x0e,
  0x00, 0x04, 0x00, 0x00, 0x00, 0x0c, 0x00, 0x00, 0x00, 0x00, 0x00, 0x00, 0x24, 0x00, 0x1b, 0x0e,
  0x06, 0x00, 0x00, 0x80, 0x00, 0x00, 0x00, 0x00, 0x18, 0x01, 0x1b, 0x0e, 0x00, 0x00, 0x00, 0x80,
  0x00, 0x00, 0x00, 0x00, 0x08, 0xf0, 0x03, 0x0e, 0x10, 0x00, 0x00, 0x80, 0x00, 0x00, 0x00, 0x00,
  0x40, 0xf1, 0x03, 0x0e, 0x00, 0x00, 0x00, 0x80, 0x01, 0x00, 0x00, 0x00, 0x00, 0xd0, 0x01, 0x0e,
  0x2c, 0x00, 0x00, 0x00, 0x00, 0x00, 0x01, 0x00, 0x00, 0x00, 0x38, 0x00, 0x00, 0x00, 0x00, 0x00,
  0x00, 0x00, 0x00, 0x00, 0x00, 0x00, 0x00, 0xc0, 0x00, 0x00, 0x00, 0x00, 0x00, 0x00, 0x00, 0x00,
  0x00, 0x00, 0x00, 0x02, 0x01, 0x00, 0x00, 0x00, 0x00, 0x00, 0x1a, 0x0e, 0x2c, 0x00, 0x00, 0x00,
  0x00, 0x00, 0x01, 0x00, 0x00, 0x00, 0x02, 0x00, 0x00, 0x00, 0x00, 0x00, 0x00, 0x00, 0x00, 0x00,
  0x00, 0x00, 0x00, 0x00, 0x00, 0x00, 0x00, 0x00, 0x00, 0x00, 0x00, 0x00, 0x00, 0x00, 0x00, 0x80,
  0x81, 0x00, 0x00, 0x00, 0x18, 0x00, 0x00, 0x00, 0x04, 0xd0, 0x01, 0x0e, 0x01, 0x00, 0x00, 0x00,
  0x00, 0x00, 0x38, 0x00, 0x00, 0x00, 0x00, 0x00, 0x00, 0x00, 0x00, 0x00, 0x14, 0xd2, 0x01, 0x0e,
  0x00, 0x00, 0x00, 0x00, 0x00, 0x00, 0x00, 0x00, 0x00, 0x06, 0x1a, 0x0e, 0x00, 0x09, 0x00, 0x00,
  0x00, 0x00, 0x00, 0x00, 0x04, 0x06, 0x1a, 0x0e, 0x00, 0x00, 0x00, 0x80, 0x00, 0x00, 0x00, 0x00,
  0x10, 0xd2, 0x01, 0x0e, 0x01, 0x00, 0x00, 0x00, 0x00, 0x00, 0x00, 0x00, 0x00, 0x06, 0x1a, 0x0e,
  0x01, 0x00, 0x00, 0x00, 0x00, 0x00, 0x00, 0x00, 0x04, 0x00, 0x1b, 0x0e, 0x08, 0x00, 0x00, 0x80,
  0x00, 0x00, 0x00, 0x00, 0x20, 0x01, 0x1b, 0x0e, 0x00, 0x00, 0x00, 0x80, 0x00, 0x00, 0x00, 0x00,
  0x34, 0xf0, 0x03, 0x0e, 0x09, 0x00, 0x00, 0x80, 0x00, 0x00, 0x00, 0x00, 0x24, 0xf1, 0x03, 0x0e,
  0x00, 0x00, 0x00, 0x80, 0x03, 0x00, 0x00, 0x00, 0x00, 0xf0, 0x01, 0x0e, 0x00, 0x40, 0x00, 0x00,
  0x00, 0xc0, 0x00, 0x00, 0x00, 0x00, 0x00, 0x00, 0x24, 0x00, 0x1b, 0x0e, 0x06, 0x00, 0x00, 0x80,
  0x00, 0x00, 0x00, 0x00, 0x18, 0x01, 0x1b, 0x0e, 0x00, 0x00, 0x00, 0x80, 0x00, 0x00, 0x00, 0x00,
  0x08, 0xf0, 0x03, 0x0e, 0x10, 0x00, 0x00, 0x80, 0x00, 0x00, 0x00, 0x00, 0x40, 0xf1, 0x03, 0x0e,
  0x00, 0x00, 0x00, 0x80, 0x01, 0x00, 0x00, 0x00, 0x20, 0xd0, 0x01, 0x0e, 0x2c, 0x00, 0x00, 0x00,
  0x00, 0x00, 0x01, 0x00, 0x00, 0x00, 0x3c, 0x00, 0x00, 0x00, 0x00, 0x00, 0x00, 0x00, 0x00, 0x00,
  0x00, 0x00, 0x00, 0xc0, 0x00, 0x00, 0x00, 0x00, 0x00, 0x00, 0x00, 0x00, 0x00, 0x00, 0x00, 0x02,
  0x01, 0x00, 0x00, 0x00, 0x00, 0x03, 0x1a, 0x0e, 0x2c, 0x00, 0x00, 0x00, 0x00, 0x00, 0x01, 0x00,
  0x00, 0x00, 0x03, 0x00, 0x00, 0x00, 0x00, 0x00, 0x00, 0x00, 0x00, 0x00, 0x00, 0x00, 0x00, 0x00,
  0x00, 0x00, 0x00, 0x00, 0x00, 0x00, 0x00, 0x00, 0x00, 0x00, 0x00, 0x80, 0x81, 0x00, 0x00, 0x00,
  0x18, 0x00, 0x00, 0x00, 0x24, 0xd0, 0x01, 0x0e, 0x01, 0x00, 0x00, 0x00, 0x00, 0x00, 0x3c, 0x00,
  0x00, 0x00, 0x00, 0x00, 0x00, 0x00, 0x00, 0x00, 0x1c, 0xd2, 0x01, 0x0e, 0x01, 0x00, 0x00, 0x00,
  0x00, 0x00, 0x00, 0x00, 0x08, 0x06, 0x1a, 0x0e, 0x00, 0x09, 0x00, 0x00, 0x00, 0x00, 0x00, 0x00,
  0x0c, 0x06, 0x1a, 0x0e, 0x18, 0x00, 0x00, 0x80, 0x00, 0x00, 0x00, 0x00, 0x18, 0xd2, 0x01, 0x0e,
  0x01, 0x00, 0x00, 0x00, 0x00, 0x00, 0x00, 0x00, 0x08, 0x06, 0x1a, 0x0e, 0x01, 0x00, 0x00, 0x00,
  0x84, 0x00, 0x00, 0x00, 0x0c, 0x00, 0x00, 0x00, 0x10, 0x08, 0x00, 0x00
}};

inline constexpr prebuilt_save_restore stx_save_restore_8 = {
  {stx_save_8.data(), stx_save_8.size()},
  {stx_restore_8.data(), stx_restore_8.size()}
};

// NOLINTEND(cppcoreguidelines-avoid-magic-numbers)
} // namespace prebuilt
} // namespace aiebu

inline constexpr const aiebu::prebuilt_save_restore*
get_stx_save_restore(std::uint32_t columns) noexcept
{
  switch (columns) {
  case 1:
    return &aiebu::prebuilt::stx_save_restore_1;
  case 2:
    return &aiebu::prebuilt::stx_save_restore_2;
  case 4:
    return &aiebu::prebuilt::stx_save_restore_4;
  case 8:
    return &aiebu::prebuilt::stx_save_restore_8;
  default:
    return nullptr;
  }
}

#endif // AIEBU_STX_PREEMPTION_FILES_H
